"","deplete","cost"
"1",0.024,0.0256522722609314
"2",0.028,0.0349973180682281
"3",0.032,0.0435284544999026
"4",0.031,0.0403831169530299
"5",0.031,0.0299512656439848
"6",0.029,0.0327643398189743
"7",0.035,0.0335675120007321
"8",0.037,0.0346297501105659
"9",0.032,0.025231225720296
"10",0.023,0.0277060003222899
"11",0.021,0.0176600985032401
"12",0.022,0.0317212684966235
"13",0.015,1.11499258776106
"14",0.011,200.041380263683
"15",0.012,55.6051458135744
"16",0.01,23.4889225053948
"17",0.01,25.1213751407051
"18",0.013,33.9318795410744
"19",0.011,163.88291371941
"20",0.011,228.785447322647
"21",0.009,29.9503257526542
"22",0.011,41.0642645417079
"23",0.014,8.56130521959216
"24",0.015,11.1156972761159
"25",0.017,11.521448790321
"26",0.015,3.46848019743706
"27",0.016,4.12347993953625
"28",0.016,8.38754736143431
"29",0.013,115.687908900535
"30",0.017,14.0900978766894
"31",0.017,3.15010403863569
"32",0.018,4.83593234153441
"33",0.018,7.14423681145064
"34",0.018,14.8992763918171
"35",0.013,27.3473089850268
"36",0.013,36.660975168159
"37",0.01,21.2826557152735
"38",0.008,23.0885194477135
"39",0.011,78.3782245949941
"40",0.011,49.1267588808659
"41",0.012,35.7563646586659
"42",0.012,39.4216781986798
"43",0.01,21.5893587228048
"44",0.008,19.393470761168
"45",0.013,26.6335426246145
"46",0.01,20.2154143777091
"47",0.008,17.5377636756862
"48",0.011,22.9262981181507
"49",0.011,25.5001365367792
"50",0.006,12.9959959924277
"51",0.009,22.3480005288891
"52",0.011,25.1592064149587
"53",0.008,20.5584159450675
"54",0.017,24.4028672143745
"55",0.011,22.3242065232566
"56",0.007,14.6029779485562
"57",0.006,15.5544022088718
"58",0.009,21.3443970033552
"59",0.012,23.9157607058896
"60",0.011,18.2736974072747
"61",0.013,48.4187729064704
"62",0.011,22.3803396822952
"63",0.008,19.9884105141955
"64",0.01,25.6362444107564
"65",0.015,42.0350822914587
"66",0.012,31.552376078455
"67",0.008,11.4040403580088
"68",0.009,18.327698300497
"69",0.017,14.1556077269446
"70",0.011,25.8879201405103
"71",0.016,43.2161926071441
"72",0.009,18.5282059742596
"73",0.012,29.6673926092743
"74",0.014,41.1309658002399
"75",0.009,16.8311432344665
"76",0.008,16.6796596564538
"77",0.01,19.7136307286163
"78",0.013,20.6895228649903
"79",0.012,26.7210070606957
"80",0.011,28.1597891455946
"81",0.016,8.77568890951454
"82",0.013,29.8683058354336
"83",0.015,66.432762275109
"84",0.012,28.7274890638947
"85",0.014,34.0770590567095
"86",0.009,14.9349664948125
"87",0.007,14.8575658179014
"88",0.009,18.995800779768
"89",0.012,26.1759509803474
"90",0.011,27.1393743427367
"91",0.013,30.0388167152566
"92",0.012,31.406413697533
"93",0.014,40.5568484932541
"94",0.015,47.1339111660809
"95",0.019,27.6323380603073
"96",0.014,41.0833396454544
"97",0.013,35.0472846970063
"98",0.022,4.9239319773103
"99",0.013,24.5082640435353
"100",0.012,27.2747428880689
"101",0.013,31.4052760680548
"102",0.012,28.361462861342
"103",0.009,21.415758655969
"104",0.007,11.1227439025667
"105",0.008,19.9301243377711
"106",0.013,36.2462441126799
"107",0.013,31.0034001488919
"108",0.008,19.409043212326
"109",0.005,11.3508825010369
"110",0.012,26.8000319595626
"111",0.012,22.4941317111
"112",0.008,16.7785514350978
"113",0.01,22.845226840764
"114",0.009,15.1640657397405
"115",0.007,16.0550509248707
"116",0.009,19.9079552843042
"117",0.012,24.3412229843589
"118",0.013,23.8720844607616
"119",0.015,34.8213186339634
"120",0.017,36.0741496878762
"121",0.016,51.2929129516471
"122",0.014,37.2265874136172
"123",0.019,59.4559691178948
"124",0.017,14.9113794616195
"125",0.014,23.5581113107075
"126",0.011,30.9454364353486
"127",0.016,44.0966591730429
"128",0.016,48.8412704119815
"129",0.015,42.2565965789005
"130",0.01,29.0411874153358
"131",0.016,31.2753223109867
"132",0.015,31.2970914144899
"133",0.019,14.2077126006436
"134",0.015,18.943994691399
"135",0.013,26.0141349094073
"136",0.008,19.1520578952958
"137",0.009,19.3669735123286
"138",0.008,14.7785391597544
"139",0.009,21.4662885852638
"140",0.01,19.7882447781536
"141",0.009,14.9730501700391
"142",0.006,13.0025550466147
"143",0.01,19.1241597516421
"144",0.01,20.9224964363831
"145",0.008,15.6110236804141
"146",0.012,33.2499361414961
"147",0.018,11.6015815986002
"148",0.016,47.8266981051773
"149",0.009,22.0173603035116
"150",0.008,18.1084100402995
"151",0.013,27.4794081003198
"152",0.012,25.9591387257196
"153",0.012,28.0954739461317
"154",0.012,26.6901275788863
"155",0.019,55.2643932208407
"156",0.017,36.3344793615489
"157",0.012,19.5140922968539
"158",0.01,18.9072943507119
"159",0.006,16.0681876701498
"160",0.005,11.6400956099068
"161",0.01,20.380854038482
"162",0.012,19.8314483248897
"163",0.01,18.4961993686143
"164",0.006,12.6479628742465
"165",0.009,22.036003142261
"166",0.009,20.8041545850482
"167",0.008,16.5976120056126
"168",0.008,20.7455016276514
"169",0.019,28.3805274817543
"170",0.018,8.9128992142382
"171",0.02,5.11472577223564
"172",0.021,6.89558974490891
"173",0.01,19.8669583789409
"174",0.017,54.7393274979468
"175",0.018,35.1365964558398
"176",0.016,49.4881901900082
"177",0.015,41.476320541768
"178",0.014,38.0450521329906
"179",0.012,24.6638102031811
"180",0.014,30.5561737448323
"181",0.016,47.3276004713146
"182",0.024,4.40256517705948
"183",0.025,1.53252224574501
"184",0.025,1.59441834093159
"185",0.022,6.1349868432263
"186",0.02,5.02100792692062
"187",0.01,22.387187374715
"188",0.015,28.9170820552072
"189",0.011,26.6282591743643
"190",0.018,73.4647285613532
"191",0.017,52.2299390422246
"192",0.017,11.7395597904968
"193",0.005,14.2919056254011
"194",0.01,23.7028532937574
"195",0.01,21.2464019207959
"196",0.009,19.4284367885302
"197",0.011,27.0680622115687
"198",0.011,17.3777368761946
"199",0.009,21.492840309017
"200",0.007,16.7759708978156
"201",0.006,20.2468637099805
"202",0.008,24.0314673663756
"203",0.016,45.6707404487788
"204",0.017,23.9908083773805
"205",0.006,19.5684615968126
"206",0.013,23.1110714982667
"207",0.014,34.9423987884106
"208",0.022,4.90558803462558
"209",0.023,3.63820155234444
"210",0.024,3.9861277543288
"211",0.019,9.52292357058651
"212",0.018,74.0656871662466
"213",0.011,24.0934886681336
"214",0.012,31.1457937931121
"215",0.009,22.4367754712912
"216",0.007,17.0980534091942
"217",0.012,31.1773118284017
"218",0.011,23.6880077488642
"219",0.013,30.1986507857263
"220",0.016,36.3528467106626
"221",0.02,5.3325698315919
"222",0.014,30.7339976857865
"223",0.017,61.2586570884842
"224",0.015,44.7573364892919
"225",0.011,20.5155226319485
"226",0.01,27.3043140012194
"227",0.012,26.084958415251
"228",0.018,57.7897566779038
"229",0.018,48.5608257024963
"230",0.015,46.8553799954849
"231",0.014,32.5793732441796
"232",0.019,6.37501436066185
"233",0.017,10.8299045347154
"234",0.006,13.3103404004549
"235",0.011,17.995252273211
"236",0.012,25.2603142877657
"237",0.012,31.85963704385
"238",0.011,24.1601913883802
"239",0.012,19.5227981965731
"240",0.013,27.3023821249053
"241",0.008,14.9887322371554
"242",0.006,15.7456815997853
"243",0.012,21.3386662703015
"244",0.005,12.2556196622143
"245",0.011,22.8416708558034
"246",0.014,21.9427835873289
"247",0.011,22.974805783564
"248",0.008,18.9053805853259
"249",0.017,13.1402899761444
"250",0.016,53.834479763656
"251",0.018,53.1929953235922
"252",0.015,20.0940044301697
"253",0.01,21.7020128406869
"254",0.016,38.6039915794199
"255",0.013,24.0047969735784
"256",0.011,21.8723738333261
"257",0.012,23.9063065295611
"258",0.013,29.6483771489386
"259",0.015,34.9221577434999
"260",0.016,50.1806739423585
"261",0.015,36.4445791755891
"262",0.014,29.0692568616595
"263",0.014,27.7195891804267
"264",0.015,36.3586628021154
"265",0.015,41.2013505009323
"266",0.016,14.5873181267284
"267",0.017,49.833894534511
"268",0.013,29.005977631901
"269",0.015,36.3512456827816
"270",0.008,15.3441450364261
"271",0.011,20.6875613919669
"272",0.011,23.3224649550575
"273",0.007,14.7669842310941
"274",0.005,16.3761204620335
"275",0.013,23.7488575503724
"276",0.012,17.220755692693
"277",0.011,24.0151846220862
"278",0.014,38.3486895708543
"279",0.017,84.3432885956388
"280",0.016,52.3028522561444
"281",0.012,25.8547303453191
"282",0.013,26.1894962463124
"283",0.011,21.3596265773458
"284",0.013,14.657753523125
"285",0.016,54.1758961840579
"286",0.014,37.2102298978095
"287",0.015,43.7098240096437
"288",0.017,47.911322725104
"289",0.014,21.7505351658434
"290",0.014,31.7350405771872
"291",0.015,44.9531945027173
"292",0.016,43.2744811775642
"293",0.019,44.5438506744562
"294",0.015,45.0630981677672
"295",0.015,43.0366040824384
"296",0.011,28.1414017911325
"297",0.019,20.0499898632556
"298",0.011,20.9995761572685
"299",0.01,26.4404405014544
"300",0.016,65.9677169458499
"301",0.016,52.1702103649036
"302",0.019,7.77596549863061
"303",0.017,8.5185120618947
"304",0.013,31.0018301442747
"305",0.01,21.313190524429
"306",0.005,11.0447536304314
"307",0.007,15.986377495934
"308",0.005,15.9821048776429
"309",0.009,21.5475784713653
"310",0.01,19.1961613577352
"311",0.01,20.5626920584386
"312",0.016,39.3220719024666
"313",0.009,21.7100225150216
"314",0.006,17.8300354631354
"315",0.01,17.2080498644943
"316",0.013,26.1759040071843
"317",0.017,13.7561368149799
"318",0.017,59.11376414101
"319",0.016,44.8174347030057
"320",0.008,15.1097894251427
"321",0.009,18.9834530606136
"322",0.01,24.971141961582
"323",0.013,28.9200743481296
"324",0.012,31.6166216975889
"325",0.013,37.9169611542297
"326",0.014,31.751363609487
"327",0.011,25.2214528114468
"328",0.012,24.5241679964331
"329",0.013,41.626816420867
"330",0.016,10.6608041639734
"331",0.017,40.9934407501512
"332",0.012,28.6116999614816
"333",0.014,25.9433558553479
"334",0.014,30.3025104122852
"335",0.01,17.0946701431219
"336",0.014,35.9062037394166
"337",0.014,33.0183448221364
"338",0.015,37.1584244244215
"339",0.01,19.9749498026823
"340",0.005,15.8120276992003
"341",0.006,14.110490067981
"342",0.01,26.1947262228663
"343",0.012,29.4843038611199
"344",0.006,12.4850722033663
"345",0.016,8.81855867619358
"346",0.009,23.5436411509467
"347",0.016,55.7693353116738
"348",0.017,38.7327099063028
"349",0.015,25.1753910507662
"350",0.016,40.5068181923952
"351",0.011,24.8961713079602
"352",0.016,41.4553860282204
"353",0.006,13.4526666538252
"354",0.008,17.0732879227637
"355",0.016,5.76103036432733
"356",0.015,27.4154139528379
"357",0.007,16.010712564765
"358",0.009,14.0633639338079
"359",0.006,18.5091103918629
"360",0.007,18.0808624841814
"361",0.01,23.6464374363152
"362",0.011,26.0236375812641
"363",0.006,21.1267031979657
"364",0.017,52.1646818306566
"365",0.016,50.3117637337725
"366",0.019,47.273060864357
"367",0.013,46.7358210816284
"368",0.017,36.893528998612
"369",0.014,35.2686722599154
"370",0.016,28.9465443728594
"371",0.016,37.3888405298579
"372",0.012,32.7149763239165
"373",0.016,49.4472814425981
"374",0.018,8.59915135626301
"375",0.018,23.3724754535569
"376",0.016,28.1689728152863
"377",0.012,25.6245402991486
"378",0.013,27.053113244514
"379",0.014,33.2742677443991
"380",0.013,33.4621736042746
"381",0.019,43.1162895772903
"382",0.016,31.2856412752383
"383",0.019,8.20846141432277
"384",0.015,37.636991869237
"385",0.018,9.71328665248421
"386",0.019,39.95598601063
"387",0.017,11.4815703537488
"388",0.019,7.13082863740003
"389",0.026,2.12881637160835
"390",0.025,1.41558092825729
"391",0.022,4.47923042216669
"392",0.023,3.34358778770384
"393",0.017,7.28951034357655
"394",0.016,48.4961903446265
"395",0.013,26.0148962680185
"396",0.008,15.6849039139181
"397",0.011,20.3945521729479
"398",0.006,15.0832566965043
"399",0.007,16.4710945294327
"400",0.009,14.8698110049491
"401",0.011,31.5649140442887
"402",0.008,20.3563704500304
"403",0.015,36.5390455638018
"404",0.011,20.9617376194159
"405",0.01,18.0177444301536
"406",0.007,15.1433483861349
"407",0.005,12.7385009817133
"408",0.01,20.2127127455649
"409",0.013,36.8311324512675
"410",0.02,5.1225348044086
"411",0.013,22.2900197154785
"412",0.015,31.4198121440995
"413",0.017,68.4308432718378
"414",0.016,37.717650024888
"415",0.009,16.9821261227105
"416",0.011,20.7144848349451
"417",0.014,37.6683818117579
"418",0.019,11.6894596685222
"419",0.013,26.9305147423862
"420",0.008,18.1901776428018
"421",0.006,13.1560136301105
"422",0.01,20.1282842813603
"423",0.009,24.4015702845203
"424",0.013,29.9135811128512
"425",0.012,25.041225293752
"426",0.012,23.9754627486163
"427",0.006,12.2565270931548
"428",0.006,14.0864799107025
"429",0.005,12.0102085189586
"430",0.009,18.685570099617
"431",0.014,20.2916186329746
"432",0.01,22.0470243690832
"433",0.008,17.0527781769742
"434",0.006,13.7855997478417
"435",0.009,18.5910350295736
"436",0.009,24.4265029915911
"437",0.013,35.2436933605882
"438",0.016,44.3872532967433
"439",0.021,4.11953969883436
"440",0.012,27.7425169448262
"441",0.009,19.6231743396528
"442",0.006,12.8422278892017
"443",0.012,25.3748681438639
"444",0.014,31.7068876111937
"445",0.013,32.3932366634869
"446",0.016,67.9475854518933
"447",0.008,18.1456856895348
"448",0.014,33.7077332933994
"449",0.007,18.6801165673033
"450",0.01,18.6159485216722
"451",0.012,26.428607292974
"452",0.014,33.5360703196329
"453",0.015,22.3913936090756
"454",0.016,40.9469541800339
"455",0.014,45.2848752092048
"456",0.017,13.6826995736234
"457",0.015,38.7398905795916
"458",0.018,20.7650882847133
"459",0.012,24.8054001751146
"460",0.016,50.4694597348898
"461",0.016,47.115749611097
"462",0.018,85.7988724685086
"463",0.018,35.0220956659221
"464",0.019,50.9184865198728
"465",0.014,36.7434889248891
"466",0.012,28.4995793869654
"467",0.016,44.6434808227641
"468",0.016,38.879921715819
"469",0.013,32.3503722167635
"470",0.018,9.1114297878041
"471",0.017,26.9877891292425
"472",0.017,8.053383076107
"473",0.02,6.6774847960911
"474",0.018,69.7203771127841
"475",0.017,56.4010937626105
"476",0.018,59.3535357055664
"477",0.012,27.3247822626534
"478",0.005,14.3351945873244
"479",0.014,34.3544457381321
"480",0.013,33.0848424857789
"481",0.013,28.5663249689143
"482",0.018,48.5958301550347
"483",0.014,22.0809986064077
"484",0.019,7.3454615357852
"485",0.014,37.7499310324325
"486",0.017,15.2820121254677
"487",0.018,18.4552726374521
"488",0.017,55.3475880137714
"489",0.012,34.8728528811626
"490",0.012,24.6323947285439
"491",0.015,44.7742172871937
"492",0.02,5.61154454388785
"493",0.019,4.847408060915
"494",0.014,30.5691508397461
"495",0.013,34.2277824370538
"496",0.013,35.281074606652
"497",0.013,26.686147441613
"498",0.008,16.1286484727095
"499",0.016,44.437181783746
"500",0.014,31.679657039756
"501",0.018,29.1258393284568
"502",0.007,15.7862809715728
"503",0.009,17.856371829978
"504",0.013,26.439798048586
"505",0.012,26.5421605219506
"506",0.013,30.9116015478469
"507",0.015,25.6482363367043
"508",0.018,61.660284102494
"509",0.014,43.395623812259
"510",0.013,46.9503604276288
"511",0.013,37.3736480924727
"512",0.012,26.6452754581525
"513",0.014,41.4065218820174
"514",0.017,58.8212834644946
"515",0.01,21.8178916219222
"516",0.006,16.3568124752561
"517",0.007,13.6370775182894
"518",0.011,27.8735085709297
"519",0.011,29.1952254299702
"520",0.011,28.4960285616205
"521",0.008,17.2790767853165
"522",0.01,23.2671936468332
"523",0.011,22.2217069233931
"524",0.01,20.764356799532
"525",0.006,12.4349757049296
"526",0.007,17.6737883082961
"527",0.012,26.4216601271529
"528",0.013,32.1841935931118
"529",0.013,38.4524682940082
"530",0.013,35.1526961488334
"531",0.012,29.4274707811643
"532",0.008,17.5952890419029
"533",0.006,14.3457127727072
"534",0.007,21.1415809632372
"535",0.011,34.2134805148102
"536",0.009,19.961105646888
"537",0.012,31.3400784108402
"538",0.013,36.9171719733062
"539",0.014,8.00855372957084
"540",0.015,61.2120136684261
"541",0.012,36.9475433893724
"542",0.012,24.8993343338519
"543",0.01,23.6877259812638
"544",0.016,26.8205495875415
"545",0.013,35.0125653163105
"546",0.017,11.7616443762096
"547",0.014,10.4783463154892
"548",0.016,12.6031054453178
"549",0.012,27.3608873889844
"550",0.009,19.7021385728337
"551",0.011,23.1763446905529
"552",0.011,21.9198203039048
"553",0.012,53.9628158869888
"554",0.01,22.9907476706342
"555",0.008,17.563574540776
"556",0.007,17.612288514675
"557",0.006,16.9114029579694
"558",0.011,30.0100707067349
"559",0.011,29.7228761266738
"560",0.015,52.9105501802241
"561",0.012,32.5965420627721
"562",0.008,19.2750325374436
"563",0.011,55.2216093094715
"564",0.013,118.01400735023
"565",0.012,23.4862404594929
"566",0.013,143.528607281946
"567",0.013,109.270148669216
"568",0.012,104.032894271275
"569",0.012,59.9925334098644
"570",0.012,42.8235173492278
"571",0.012,84.2333819416903
"572",0.012,60.504043215215
"573",0.01,60.3944238632713
"574",0.008,19.4574085802875
"575",0.006,19.9635128362702
"576",0.009,17.6631471316106
"577",0.006,12.3182600037293
"578",0.006,15.0048818949236
"579",0.005,14.0291573186272
"580",0.007,20.38457563665
"581",0.014,60.7288249131192
"582",0.015,47.7009260106064
"583",0.011,112.331504059649
"584",0.012,197.439797432168
"585",0.01,164.191922055123
"586",0.009,113.231646292673
"587",0.013,0.824848167127963
"588",0.012,2.1720249810334
"589",0.006,13.6146099974285
"590",0.008,51.0581816050508
"591",0.008,78.7968954522123
"592",0.009,92.5882699059494
"593",0.008,114.66427884217
"594",0.007,100.70696355158
"595",0.009,104.463366170939
"596",0.009,17.3587893010766
"597",0.011,12.8091704252186
"598",0.01,9.4766400995728
"599",0.007,142.32170813261
"600",0.006,71.5743836466411
"601",0.008,172.478597766045
"602",0.007,30.5200982613113
"603",0.007,70.5527254182071
"604",0.006,39.6246902257804
"605",0.005,22.7373367440237
"606",0.008,123.33904677401
"607",0.005,15.446718526007
"608",0.009,55.8686075013673
"609",0.011,10.9294917155305
"610",0.006,28.5617042063264
"611",0.006,17.5590550296289
"612",0.009,22.1789508617227
"613",0.009,7.87214166382522
"614",0.008,108.077575347018
"615",0.009,96.9083442291999
"616",0.008,39.6113704651185
"617",0.009,153.73498595816
"618",0.006,25.1918662380814
"619",0.007,22.3139638739864
"620",0.008,44.3929823621971
"621",0.008,106.84957250269
"622",0.011,82.9918265731964
"623",0.011,155.597740171152
"624",0.011,83.3117619083403
"625",0.014,61.395599734105
"626",0.011,41.6335476939278
"627",0.012,111.6737409268
"628",0.012,116.860420356021
"629",0.012,116.299893821109
"630",0.014,13.6313635837315
"631",0.015,49.2322340115615
"632",0.011,74.366684547777
"633",0.01,69.5564518354565
"634",0.01,150.288868648466
"635",0.01,73.5277087712297
"636",0.01,32.5313685911063
"637",0.01,37.8790296533211
"638",0.014,29.3415146961186
"639",0.01,25.8502559595626
"640",0.006,14.4239826463528
"641",0.014,23.1161479913402
"642",0.013,75.2061602717153
"643",0.011,95.6624601450412
"644",0.011,61.3950950859752
"645",0.01,181.650783407034
"646",0.012,137.091662960322
"647",0.01,203.131748611764
"648",0.007,33.6973037129273
"649",0.005,19.5923170512239
"650",0.006,9.93849002661252
"651",0.006,104.842480135343
"652",0.007,110.751168862937
"653",0.006,25.5755801356112
"654",0.007,60.9141193662771
"655",0.006,105.563715092283
"656",0.007,49.2679585908167
"657",0.008,46.2953433974942
"658",0.005,31.3843061917483
"659",0.005,25.5771257826258
"660",0.006,21.6129753380706
"661",0.006,6.38578822970028
"662",0.006,2.67063411773039
"663",0.01,0.922784056300788
"664",0.009,0.598272096838695
"665",0.008,1.10224429942568
"666",0.007,15.4365972181747
"667",0.008,25.9040612985111
"668",0.013,3.4770774029624
"669",0.011,50.1043157417732
"670",0.012,25.1046865622174
"671",0.011,3.36117266254544
"672",0.012,10.8407987188717
"673",0.014,9.11411600996705
"674",0.012,105.777232009324
"675",0.012,99.2288582593159
"676",0.013,17.69912564582
"677",0.007,18.0719962213455
"678",0.005,14.6681193755363
"679",0.012,102.410985635601
"680",0.013,68.1344934844004
"681",0.013,43.7371258452395
"682",0.015,56.4958515233006
"683",0.014,97.8934310984488
"684",0.01,22.6087582466872
"685",0.009,27.9527061939622
"686",0.009,41.2588184270902
"687",0.012,66.69164997308
"688",0.01,33.7707603294967
"689",0.009,26.6792721761457
"690",0.013,17.3843792739146
"691",0.008,27.2118571017373
"692",0.01,28.8795775538451
"693",0.005,11.1327834953072
"694",0.007,16.0772918726151
"695",0.009,17.7491633652894
"696",0.006,13.8627561889205
"697",0.006,16.1248384753868
"698",0.013,15.365755908622
"699",0.009,83.8159252990565
"700",0.009,69.4129837947946
"701",0.009,64.6749160564908
"702",0.009,65.7864082896549
"703",0.007,30.2406549101608
"704",0.006,17.295207455919
"705",0.008,29.4207841868247
"706",0.009,41.2855720046544
"707",0.011,79.0877189918119
"708",0.013,84.4777275656077
"709",0.013,127.123073538186
"710",0.013,62.9759194256526
"711",0.013,176.473766064834
"712",0.012,40.2497586907126
"713",0.013,38.2952537191816
"714",0.009,27.3099446141206
"715",0.012,137.831612631494
"716",0.013,150.233053212784
"717",0.013,103.459667820991
"718",0.011,212.431638789364
"719",0.01,55.5963270288138
"720",0.011,86.8220211725945
"721",0.011,56.6279466685938
"722",0.013,116.90045669426
"723",0.012,160.221040837362
"724",0.012,125.052777214898
"725",0.008,20.0721287922227
"726",0.007,15.1348679191189
"727",0.008,19.9617592664641
"728",0.013,83.5445984939824
"729",0.008,24.8896197533874
"730",0.006,24.903192717946
"731",0.006,23.8146207018116
"732",0.015,17.9212330765149
"733",0.013,161.717624792321
"734",0.013,115.358146693877
"735",0.008,27.3065006094506
"736",0.007,25.9303134132928
"737",0.008,29.1384412810833
"738",0.007,20.2855140504654
"739",0.009,45.7357701169157
"740",0.006,15.2440541161379
"741",0.013,56.5610422934085
"742",0.012,35.9461425887772
"743",0.011,79.6646710094595
"744",0.008,16.8839922462611
"745",0.005,14.6158121813885
"746",0.007,14.6489953752124
"747",0.006,16.0868327139106
"748",0.007,18.5451471831578
"749",0.009,22.1102766482995
"750",0.008,21.790635959163
"751",0.011,20.343104696245
"752",0.01,19.4268586657787
"753",0.013,30.5918946791144
"754",0.015,61.058640281332
"755",0.016,77.4369407892189
"756",0.011,26.8125416390317
"757",0.014,76.7380263053109
"758",0.015,64.1471237627326
"759",0.012,45.4478746585728
"760",0.011,32.764565901241
"761",0.009,23.0476998981196
"762",0.012,38.0747481871526
"763",0.013,22.8213138505923
"764",0.015,7.49414856064209
"765",0.011,108.370248332597
"766",0.014,31.7418560697754
"767",0.015,102.187019630203
"768",0.014,39.2113360137223
"769",0.014,31.2324907126384
"770",0.011,31.9256250926292
"771",0.011,74.0029623691438
"772",0.011,36.8305957370789
"773",0.014,46.13997403557
"774",0.013,83.3033924289081
"775",0.01,29.8073187721652
"776",0.011,75.9456689065309
"777",0.015,90.4191636940648
"778",0.015,56.4656496449733
"779",0.014,89.3543246177024
"780",0.014,57.9590493481914
"781",0.008,18.1096487805409
"782",0.012,28.0234922328237
"783",0.015,15.0143330279698
"784",0.016,77.2557059470401
"785",0.017,71.2344500230703
"786",0.017,72.962934576508
"787",0.018,7.78384133673578
"788",0.015,51.5276436037851
"789",0.011,20.838000764284
"790",0.015,25.8209748819633
"791",0.014,43.9251689555976
"792",0.014,88.1600404755602
"793",0.008,18.05472115979
"794",0.007,19.1658213098167
"795",0.012,163.28423219523
"796",0.012,116.319429722353
"797",0.012,94.5295607296258
"798",0.012,132.921531920061
"799",0.013,37.0282976319568
"800",0.01,38.3461656506295
"801",0.012,95.4093301621354
"802",0.013,88.8759456724992
"803",0.012,98.0748422535494
"804",0.016,85.709757684525
"805",0.013,101.194634559879
"806",0.01,24.7860624643286
"807",0.006,13.3818198410653
"808",0.009,23.6061815575559
"809",0.011,68.326608710947
"810",0.01,31.407397267177
"811",0.014,37.653325365078
"812",0.015,2.0889194198092
"813",0.012,72.3089463133801
"814",0.009,18.4763809817584
"815",0.011,51.6125391597062
"816",0.009,47.7234933016594
"817",0.007,15.9232008345899
"818",0.007,16.4490436823792
"819",0.008,16.6965145946825
"820",0.011,27.3191026681154
"821",0.009,23.1462799910002
"822",0.007,11.5026990952988
"823",0.011,21.2298941707961
"824",0.012,21.4030709487577
"825",0.011,25.4081022769152
"826",0.008,12.9249713587485
"827",0.009,22.7805802847178
"828",0.01,18.3888109687439
"829",0.006,13.0907033690726
"830",0.007,14.3902548762654
"831",0.006,17.4174318712734
"832",0.009,26.5475524228618
"833",0.018,63.5416005605617
"834",0.019,7.76270164591468
"835",0.015,33.0827405879377
"836",0.01,19.8911195653854
"837",0.017,49.1322951749906
"838",0.012,29.2446808661858
"839",0.013,28.2355588646059
"840",0.01,17.323351751559
"841",0.012,25.8794608972972
"842",0.017,17.6922256615753
"843",0.017,59.8738209696976
"844",0.014,39.1401794604377
"845",0.008,17.0647475490205
"846",0.013,27.6120718353589
"847",0.007,15.0051952966967
"848",0.011,27.5270682892866
"849",0.007,18.1064750308627
"850",0.007,17.9873581640062
"851",0.01,25.3201778269752
"852",0.016,49.4184829772131
"853",0.014,29.7486707706015
"854",0.016,22.3031379578336
"855",0.013,43.2503750015986
"856",0.009,19.7947624278141
"857",0.016,30.9313975173267
"858",0.013,26.5971710835956
"859",0.01,18.7317563346888
"860",0.012,25.9709962363861
"861",0.014,35.5056947190117
"862",0.018,72.1276380451097
"863",0.017,37.0895026019655
"864",0.013,33.6100491406613
"865",0.011,20.401575256671
"866",0.01,17.6623542300075
"867",0.009,22.6422075414627
"868",0.01,24.2104172731514
"869",0.008,14.2950524763788
"870",0.011,17.138333492663
"871",0.018,56.4166627048972
"872",0.019,17.1243753120051
"873",0.018,56.4401028267128
"874",0.009,17.6501040626924
"875",0.011,21.1135752531507
"876",0.014,19.6550991954313
"877",0.018,68.4157813124471
"878",0.016,44.7810321680921
"879",0.006,15.4774694619543
"880",0.007,16.1772973639704
"881",0.01,20.4104878642907
"882",0.008,11.72386477809
"883",0.007,15.0692196350391
"884",0.005,12.417239897252
"885",0.008,16.8459316304166
"886",0.009,14.8356440782429
"887",0.013,34.8028347448375
"888",0.016,57.7722787170889
"889",0.017,71.3259171488863
"890",0.01,21.0353387761701
"891",0.014,26.5595310200585
"892",0.009,21.2940531333464
"893",0.015,31.3481477753541
"894",0.007,13.5925457199089
"895",0.011,26.4891862880423
"896",0.011,28.9745785371164
"897",0.01,20.4594600622765
"898",0.011,23.939797308481
"899",0.012,13.9763939126531
"900",0.007,14.8025733995415
"901",0.007,12.4844390797159
"902",0.011,23.4158767032641
"903",0.017,68.774573287611
"904",0.01,23.3071365611222
"905",0.01,27.2532089291731
"906",0.007,11.7175745516622
"907",0.006,12.9112624560934
"908",0.006,12.5795099590315
"909",0.005,11.2290705105339
"910",0.006,12.691468819636
"911",0.008,17.150252818581
"912",0.006,14.8279165878864
"913",0.01,20.7764033678159
"914",0.008,18.8717039230302
"915",0.006,14.6882579498062
"916",0.005,15.132536338068
"917",0.009,18.6127582186292
"918",0.015,43.089648174622
"919",0.016,52.8143797223822
"920",0.005,14.2898616484244
"921",0.006,17.2432946005014
"922",0.007,20.3712287129297
"923",0.013,25.5763415674172
"924",0.016,53.2853677100715
"925",0.012,26.5107367378307
"926",0.015,6.42425067471282
"927",0.013,32.4086390092408
"928",0.014,27.4000629288022
"929",0.013,36.339789497013
"930",0.015,36.0183220390822
"931",0.014,40.4646258632729
"932",0.014,40.828783306807
"933",0.01,19.272226509292
"934",0.016,60.8209271879633
"935",0.016,52.278129677199
"936",0.009,21.6045234437163
"937",0.013,34.4429722289055
"938",0.014,33.5102305340177
"939",0.019,7.14766322985624
"940",0.015,39.2518940811468
"941",0.01,23.530688082021
"942",0.011,21.3994321774052
"943",0.012,29.7666613494088
"944",0.016,69.8957898710202
"945",0.019,7.89980797867473
"946",0.017,8.45680561624051
"947",0.019,7.31877197492741
"948",0.018,13.9052864002275
"949",0.015,53.9926139123023
"950",0.015,36.8689922434959
"951",0.015,45.4012103828377
"952",0.015,47.6763069664706
"953",0.017,80.2411980596424
"954",0.019,5.66623291672583
"955",0.015,42.959656300117
"956",0.013,38.0601116836467
"957",0.015,21.4909711063492
"958",0.016,43.8928158798805
"959",0.01,24.5212037607466
"960",0.009,24.749701707013
"961",0.012,22.9577725737307
"962",0.014,47.6311688626102
"963",0.016,32.7152460140347
"964",0.008,18.2879961694099
"965",0.016,33.376728323533
"966",0.014,23.6335059561089
"967",0.013,41.7644122758359
"968",0.015,48.4164493504998
"969",0.018,17.3640618565088
"970",0.017,37.4822212890599
"971",0.018,19.7019826819099
"972",0.022,3.97596417271838
"973",0.014,27.6328442976739
"974",0.011,18.6101173714487
"975",0.01,20.2789791090505
"976",0.008,14.3501046294869
"977",0.014,16.2514899522329
"978",0.017,41.0574809109906
"979",0.014,32.1510258551819
"980",0.013,25.5783238743593
"981",0.008,14.4603878742722
"982",0.005,12.5152617899013
"983",0.009,17.9613324509519
"984",0.009,21.3216943352683
"985",0.008,14.6986567866635
"986",0.01,18.7857202993581
"987",0.015,33.5655635873221
"988",0.019,42.7929476085557
"989",0.01,20.3504854304926
"990",0.018,76.5926831945918
"991",0.016,50.0580866117677
"992",0.018,45.5267221074582
"993",0.02,9.54789227795722
"994",0.023,3.05678643915296
"995",0.023,3.20797679732942
"996",0.022,3.08256061980916
"997",0.022,4.90118316814275
"998",0.017,5.2393729303693
"999",0.011,20.6355106607421
"1000",0.014,34.9766264533064
"1001",0.012,25.5868927745379
"1002",0.009,17.47517677021
"1003",0.018,58.5720057680959
"1004",0.013,33.6098739087821
"1005",0.015,51.5324107880142
"1006",0.021,7.62489353433161
"1007",0.022,4.07893906632457
"1008",0.022,3.43538378758865
"1009",0.015,38.5140738994126
"1010",0.016,44.5637310793388
"1011",0.012,26.4124961157901
"1012",0.016,62.1608779181381
"1013",0.011,29.2033245753166
"1014",0.014,34.2615828431991
"1015",0.007,15.0391318011036
"1016",0.012,28.6181156005136
"1017",0.011,18.585791596335
"1018",0.013,30.5191191540552
"1019",0.016,36.8058375014282
"1020",0.017,79.0010690520345
"1021",0.016,51.771236584521
"1022",0.016,29.4272964556155
"1023",0.019,62.1610974852222
"1024",0.016,57.4767082852202
"1025",0.013,21.3580671723441
"1026",0.015,35.6852932736291
"1027",0.007,15.9387375762767
"1028",0.009,17.5494732992268
"1029",0.011,21.3331532003899
"1030",0.012,25.3115335138394
"1031",0.005,14.4638793415167
"1032",0.014,33.2264863740277
"1033",0.015,34.6551068899778
"1034",0.01,21.8645627884408
"1035",0.009,20.4379976336638
"1036",0.014,31.7537746555327
"1037",0.014,35.3194227154073
"1038",0.014,28.1873798567354
"1039",0.013,37.4618286356013
"1040",0.01,22.3915339261622
"1041",0.012,27.0728619175069
"1042",0.009,27.362892766389
"1043",0.014,28.4574880240768
"1044",0.012,25.2333298974599
"1045",0.008,18.7624520716213
"1046",0.014,32.649382019639
"1047",0.014,36.2594165702559
"1048",0.014,42.9378176386685
"1049",0.012,28.0349670001582
"1050",0.016,57.7615405054916
"1051",0.019,12.6582971605057
"1052",0.015,38.4721046542421
"1053",0.017,14.7266583288794
"1054",0.012,29.1736448941215
"1055",0.014,32.8674643650382
"1056",0.016,40.4970135239127
"1057",0.01,19.8396890183679
"1058",0.015,41.2142028541187
"1059",0.015,38.0010665868203
"1060",0.011,22.9001106958931
"1061",0.011,24.2232663323297
"1062",0.016,11.6794260066742
"1063",0.018,62.7284354688987
"1064",0.015,42.6747084547944
"1065",0.019,23.7463122597211
"1066",0.019,50.5456102832672
"1067",0.015,35.5024197042602
"1068",0.016,67.00173203845
"1069",0.014,32.1137597397053
"1070",0.015,30.6291090341258
"1071",0.009,15.2546648016317
"1072",0.017,63.942429446089
"1073",0.017,6.85725079357574
"1074",0.019,60.0501523249583
"1075",0.012,27.8479283724062
"1076",0.013,26.3284068820508
"1077",0.009,19.27409111581
"1078",0.018,62.7346434355595
"1079",0.023,4.25136300345489
"1080",0.025,1.31679403246636
"1081",0.034,0.887364421564608
"1082",0.033,0.824132857023138
"1083",0.031,1.06124797345502
"1084",0.03,0.987130716246453
"1085",0.027,1.06566742460176
"1086",0.024,1.26562245425156
"1087",0.028,1.36766827238494
"1088",0.024,1.63075285633191
"1089",0.018,15.7089745208798
"1090",0.017,62.2831168420945
"1091",0.018,43.5407474234897
"1092",0.015,32.7697645949592
"1093",0.011,19.499228033052
"1094",0.01,21.8639794388773
"1095",0.009,17.0830923157724
"1096",0.005,14.5075770420156
"1097",0.007,13.135007422709
"1098",0.014,14.8769989261211
"1099",0.012,30.98985866061
"1100",0.009,19.2439731860941
"1101",0.014,34.0971194639647
"1102",0.01,18.3306386282005
"1103",0.01,18.431555038558
"1104",0.011,25.0934319125856
"1105",0.013,32.0416237456834
"1106",0.012,27.1556835071437
"1107",0.01,22.6442500589072
"1108",0.008,24.0876369001773
"1109",0.009,20.7571647677094
"1110",0.005,14.9766506900003
"1111",0.008,17.1907026646539
"1112",0.015,33.6931121798927
"1113",0.009,18.4415565926346
"1114",0.006,16.2415450922652
"1115",0.012,32.0416057375902
"1116",0.011,25.0332476622446
"1117",0.009,17.2964675711177
"1118",0.007,13.0821250530492
"1119",0.005,14.5750813815637
"1120",0.007,14.2897776766182
"1121",0.007,13.7203091031846
"1122",0.015,35.2554086536262
"1123",0.015,6.77255997112382
"1124",0.011,34.6287157913762
"1125",0.007,15.4233062357113
"1126",0.006,16.6374847189119
"1127",0.01,18.7387622437129
"1128",0.016,11.3668225904978
"1129",0.018,46.3664999650966
"1130",0.015,13.5548866618207
"1131",0.009,17.9108343738014
"1132",0.011,19.0284355559941
"1133",0.01,23.7175011182148
"1134",0.01,16.8361448063737
"1135",0.009,16.921046698627
"1136",0.013,38.7118751677494
"1137",0.008,16.0945906595331
"1138",0.007,18.1433542496448
"1139",0.011,32.2174278986387
"1140",0.014,31.5497502282649
"1141",0.019,78.4696447340811
"1142",0.02,4.39720559541653
"1143",0.026,1.64859252792129
"1144",0.026,1.82221660806256
"1145",0.023,3.0763751110584
"1146",0.022,4.57889473971627
"1147",0.017,8.36188815447157
"1148",0.01,24.066561986347
"1149",0.008,13.0709174680668
"1150",0.006,16.1115192971338
"1151",0.013,28.6518771938627
"1152",0.021,5.99469489027715
"1153",0.019,9.42993623972326
"1154",0.009,17.5627813609113
"1155",0.01,18.4702096068035
"1156",0.014,31.1419806039557
"1157",0.007,17.6582872363417
"1158",0.007,14.8909190709032
"1159",0.009,23.2849939772242
"1160",0.013,36.331995776951
"1161",0.023,4.25989783301939
"1162",0.02,5.16682027147596
"1163",0.024,3.5714765180681
"1164",0.027,2.26171705884711
"1165",0.019,9.04521498133033
"1166",0.016,28.3198723983655
"1167",0.016,46.2714189309678
"1168",0.013,27.2010837067234
"1169",0.012,26.4518856543083
"1170",0.017,52.6015154086647
"1171",0.017,7.72289217654881
"1172",0.018,20.5845005480839
"1173",0.022,5.0452378824811
"1174",0.02,6.13301690742794
"1175",0.014,33.2135256806295
"1176",0.014,40.2943367814064
"1177",0.013,32.9358880356022
"1178",0.01,21.9877216265679
"1179",0.009,20.6701601379018
"1180",0.009,17.4428030043637
"1181",0.009,18.2580681751211
"1182",0.008,18.9567661905966
"1183",0.012,26.5138852151321
"1184",0.018,53.9799262888611
"1185",0.013,27.9544979127432
"1186",0.022,7.406788112391
"1187",0.018,11.6683010822581
"1188",0.019,7.59138702915343
"1189",0.016,46.1417411057548
"1190",0.014,25.3887087783105
"1191",0.012,20.1872212406699
"1192",0.006,13.9066393368665
"1193",0.005,14.0634763130365
"1194",0.009,21.3945301023724
"1195",0.014,36.1838030632764
"1196",0.025,1.75087168893993
"1197",0.028,1.14211188456516
"1198",0.022,5.38770044771738
"1199",0.021,6.30874644836516
"1200",0.025,1.62231009394217
"1201",0.016,6.67352714818453
"1202",0.018,43.6480227807897
"1203",0.014,32.3268114081967
"1204",0.015,27.4058711402824
"1205",0.017,58.5525474023654
"1206",0.01,22.3685818355551
"1207",0.01,22.578452917377
"1208",0.012,16.4060676677806
"1209",0.009,18.1273892947802
"1210",0.011,21.7651970562417
"1211",0.013,36.116360123502
"1212",0.016,70.8533956236557
"1213",0.013,22.6893659175928
"1214",0.012,24.582665042246
"1215",0.014,29.2590846469357
"1216",0.023,3.56435596756118
"1217",0.023,2.22357401950946
"1218",0.017,17.3562047262005
"1219",0.016,7.77411913976745
"1220",0.015,48.5271227009995
"1221",0.015,49.6789578236517
"1222",0.008,16.2045090542282
"1223",0.009,23.3167037141085
"1224",0.013,30.893851535162
"1225",0.014,37.780365922707
"1226",0.014,27.8418534447683
"1227",0.011,20.5782742991887
"1228",0.013,39.0939118727351
"1229",0.01,20.2073992165011
"1230",0.005,14.5136452930751
"1231",0.017,71.4936931469574
"1232",0.016,50.0534268089637
"1233",0.017,55.9744881209719
"1234",0.015,38.5189799985274
"1235",0.014,29.8932361205561
"1236",0.012,26.1556500813722
"1237",0.018,57.2820062194106
"1238",0.015,50.1036633760689
"1239",0.019,51.1467399818558
"1240",0.014,32.1558496859608
"1241",0.009,20.6077945588304
"1242",0.016,37.9650028513736
"1243",0.009,16.7842857185846
"1244",0.012,23.8353039857691
"1245",0.017,15.0028738477298
"1246",0.013,31.8527095104283
"1247",0.014,29.126650548338
"1248",0.008,15.5071544044267
"1249",0.01,20.226900609362
"1250",0.01,15.5008805422378
"1251",0.012,20.8188436376425
"1252",0.009,21.3412014944776
"1253",0.014,38.9355308491944
"1254",0.018,42.7047227981182
"1255",0.019,62.445264541008
"1256",0.017,33.8755639599206
"1257",0.016,16.3421949221523
"1258",0.013,25.4738258772426
"1259",0.01,24.6052152061521
"1260",0.02,11.2440024997521
"1261",0.01,22.3983903364399
"1262",0.012,31.1748085137883
"1263",0.013,28.4028351102257
"1264",0.01,16.5844503474328
"1265",0.018,69.0159012253345
"1266",0.013,32.4813540816997
"1267",0.011,23.524267780672
"1268",0.015,40.8508684828948
"1269",0.011,22.5775458245614
"1270",0.006,16.1910870839969
"1271",0.01,24.6942930770661
"1272",0.014,31.8874504618049
"1273",0.017,56.4051415446455
"1274",0.009,18.4281561700599
"1275",0.013,22.1534099765057
"1276",0.015,43.5771059725761
"1277",0.012,33.9539801330545
"1278",0.016,34.0553195622347
"1279",0.019,45.0650352074072
"1280",0.01,20.2033939514627
"1281",0.005,14.5218185905747
"1282",0.009,20.4257068766485
"1283",0.013,21.6519458121489
"1284",0.014,27.7100276329459
"1285",0.013,29.2698852054175
"1286",0.019,12.1677063879411
"1287",0.018,10.8051356531789
"1288",0.022,4.20349830165904
"1289",0.009,21.0733362495995
"1290",0.01,20.938122458946
"1291",0.013,26.662976977875
"1292",0.016,58.1688171655966
"1293",0.018,36.4940627024495
"1294",0.008,17.9166638831793
"1295",0.007,16.9448105753547
"1296",0.013,37.8801056330827
"1297",0.012,33.6194449887127
"1298",0.011,25.4786442349772
"1299",0.01,17.6190309285181
"1300",0.016,44.2015944479651
"1301",0.018,38.8151171919562
"1302",0.016,37.257503777129
"1303",0.011,18.6033329390968
"1304",0.005,14.2584014124658
"1305",0.007,11.493084677891
"1306",0.01,22.8031343041569
"1307",0.018,16.6337905553914
"1308",0.011,25.4992667803788
"1309",0.013,33.6126782201306
"1310",0.013,30.4252341162868
"1311",0.018,13.7185278819383
"1312",0.022,4.73296311221698
"1313",0.024,2.18249071879723
"1314",0.026,1.9780285741271
"1315",0.027,1.7918785062489
"1316",0.021,10.7205344609544
"1317",0.016,32.1965764562598
"1318",0.012,17.4825399601097
"1319",0.014,30.1854328259144
"1320",0.016,41.7007082457981
"1321",0.014,36.6870390936326
"1322",0.015,44.696691820111
"1323",0.015,39.6819098999259
"1324",0.012,20.5666594340183
"1325",0.017,62.0780379993374
"1326",0.009,26.5168036827056
"1327",0.006,15.7522693059783
"1328",0.008,18.5279161088996
"1329",0.017,15.7843560096875
"1330",0.018,9.46846715777526
"1331",0.015,6.54346095215656
"1332",0.017,75.7780139219835
"1333",0.022,7.59273459543653
"1334",0.024,4.14175666678194
"1335",0.028,1.4060918146192
"1336",0.03,1.5503688363721
"1337",0.023,3.8151982466644
"1338",0.021,4.72737273178228
"1339",0.019,4.06048719771248
"1340",0.011,23.2575519523006
"1341",0.009,28.7333948619547
"1342",0.012,27.6118453934638
"1343",0.007,13.5006674527957
"1344",0.006,11.5575920057592
"1345",0.013,35.529194879335
"1346",0.007,16.1151850684389
"1347",0.008,17.9500384775961
"1348",0.008,16.8463130597269
"1349",0.008,16.1875010810362
"1350",0.01,23.866505358139
"1351",0.013,25.6341393888492
"1352",0.023,3.76972046524814
"1353",0.021,3.69832699535165
"1354",0.023,4.50571774928545
"1355",0.017,16.6779299702971
"1356",0.015,5.13466134316515
"1357",0.018,94.4257656132757
"1358",0.014,39.6310424867011
"1359",0.013,32.9070341547368
"1360",0.008,15.5683269050398
"1361",0.011,19.4751281159167
"1362",0.015,49.4929452502101
"1363",0.013,32.7036717444255
"1364",0.01,17.0453719347425
"1365",0.008,16.9311638911579
"1366",0.009,18.4511519929321
"1367",0.005,10.0344544100144
"1368",0.014,32.5009136301185
"1369",0.016,38.2436014564822
"1370",0.016,45.9843793301004
"1371",0.017,78.360210156657
"1372",0.015,27.6483476473643
"1373",0.01,22.7660097744292
"1374",0.016,41.2751308884585
"1375",0.015,37.4397581770967
"1376",0.018,99.7622881300592
"1377",0.015,41.684078143899
"1378",0.013,30.3693138732775
"1379",0.018,26.429394625342
"1380",0.016,45.3387884542115
"1381",0.012,33.9947097058249
"1382",0.012,23.0618014254251
"1383",0.009,17.680134579061
"1384",0.017,51.8104903391571
"1385",0.016,41.9660628936729
"1386",0.014,30.8383055718743
"1387",0.012,22.4896894145774
"1388",0.012,20.3383360590645
"1389",0.009,18.3771529839397
"1390",0.007,19.2116124033058
"1391",0.017,39.3924053488491
"1392",0.01,23.2626481000654
"1393",0.016,49.3370403660487
"1394",0.015,42.2292494896846
"1395",0.01,26.4135742004807
"1396",0.012,24.1880125521387
"1397",0.014,31.8536942547491
"1398",0.016,41.5478651908308
"1399",0.016,58.5937083950688
"1400",0.015,37.0628745217851
"1401",0.014,48.4105109590777
"1402",0.014,29.3562783795144
"1403",0.008,21.4731135019196
"1404",0.013,29.0626760070344
"1405",0.017,50.4814150336709
"1406",0.016,36.291210176327
"1407",0.014,50.0936382435877
"1408",0.017,57.5802578915283
"1409",0.019,5.74715058083799
"1410",0.016,38.097996686157
"1411",0.01,18.6384636926064
"1412",0.006,16.2525694146189
"1413",0.007,19.0364769607718
"1414",0.006,19.4494887709803
"1415",0.014,35.2639400735554
"1416",0.009,22.248497152728
"1417",0.008,21.1485787365109
"1418",0.01,20.4227171061856
"1419",0.011,16.9063534586234
"1420",0.012,31.0860579903741
"1421",0.017,8.4380007897335
"1422",0.015,21.0021350663177
"1423",0.018,5.32316782501505
"1424",0.026,1.69284203346272
"1425",0.025,1.65850065802321
"1426",0.027,1.34095431236213
"1427",0.02,7.29989051707604
"1428",0.011,20.7291360555103
"1429",0.01,21.9798452894392
"1430",0.014,22.224521724771
"1431",0.008,14.8935047373191
"1432",0.009,22.2136487017127
"1433",0.006,13.3478704794152
"1434",0.006,12.1990218847635
"1435",0.014,35.16252541091
"1436",0.01,22.8400883869354
"1437",0.015,59.4590675871988
"1438",0.01,21.7331976593966
"1439",0.015,33.8917060801732
"1440",0.013,35.8156531825843
"1441",0.01,28.6488832595653
"1442",0.012,28.7245151399332
"1443",0.016,24.1912150038185
"1444",0.013,26.2297651011303
"1445",0.014,36.1091819867574
"1446",0.018,24.6411875466953
"1447",0.013,22.2149057192104
"1448",0.01,17.3512040522314
"1449",0.007,15.8590955287557
"1450",0.01,22.3580651726508
"1451",0.005,13.2191791838358
"1452",0.007,16.194163852508
"1453",0.011,25.690031751784
"1454",0.008,18.364817769334
"1455",0.006,17.0437029026579
"1456",0.006,14.1669921580406
"1457",0.007,13.4913536019372
"1458",0.006,17.3533997215198
"1459",0.006,13.8996770621694
"1460",0.009,17.4523252138941
"1461",0.012,22.3567049759193
"1462",0.013,24.0788716590792
"1463",0.011,12.7767881191478
"1464",0.014,27.1336515620226
"1465",0.014,42.9251452528697
"1466",0.013,29.2615517694831
"1467",0.015,44.5303695570794
"1468",0.008,19.0994092340391
"1469",0.005,18.2266471204696
"1470",0.007,17.0769616010531
"1471",0.006,14.7330685607152
"1472",0.006,14.1280121276156
"1473",0.016,9.7579164606322
"1474",0.008,14.6920170111834
"1475",0.015,23.7700832232045
"1476",0.018,18.4524677333081
"1477",0.016,8.80295528804844
"1478",0.01,25.9795791636487
"1479",0.012,26.9024026164241
"1480",0.008,15.7758806713835
"1481",0.011,22.6457181987887
"1482",0.014,30.3098601348157
"1483",0.019,6.07233998883264
"1484",0.01,21.6484125174725
"1485",0.013,31.3741240242042
"1486",0.009,21.4160807102135
"1487",0.013,27.1226916926514
"1488",0.017,66.3683443976516
"1489",0.017,67.6092132158946
