"","scale","cost"
"1",359,0.0256522722609314
"2",368,0.0349973180682281
"3",396,0.0435284544999026
"4",391,0.0403831169530299
"5",409,0.0299512656439848
"6",413,0.0327643398189743
"7",388,0.0335675120007321
"8",376,0.0346297501105659
"9",367,0.025231225720296
"10",356,0.0277060003222899
"11",341,0.0176600985032401
"12",361,0.0317212684966235
"13",358,1.11499258776106
"14",346,200.041380263683
"15",344,55.6051458135744
"16",328,23.4889225053948
"17",343,25.1213751407051
"18",344,33.9318795410744
"19",338,163.88291371941
"20",322,228.785447322647
"21",333,29.9503257526542
"22",344,41.0642645417079
"23",330,8.56130521959216
"24",323,11.1156972761159
"25",300,11.521448790321
"26",290,3.46848019743706
"27",276,4.12347993953625
"28",268,8.38754736143431
"29",258,115.687908900535
"30",250,14.0900978766894
"31",254,3.15010403863569
"32",268,4.83593234153441
"33",274,7.14423681145064
"34",273,14.8992763918171
"35",265,27.3473089850268
"36",265,36.660975168159
"37",280,21.2826557152735
"38",266,23.0885194477135
"39",256,78.3782245949941
"40",253,49.1267588808659
"41",257,35.7563646586659
"42",265,39.4216781986798
"43",266,21.5893587228048
"44",268,19.393470761168
"45",275,26.6335426246145
"46",261,20.2154143777091
"47",271,17.5377636756862
"48",243,22.9262981181507
"49",236,25.5001365367792
"50",255,12.9959959924277
"51",249,22.3480005288891
"52",247,25.1592064149587
"53",236,20.5584159450675
"54",264,24.4028672143745
"55",216,22.3242065232566
"56",213,14.6029779485562
"57",230,15.5544022088718
"58",235,21.3443970033552
"59",223,23.9157607058896
"60",205,18.2736974072747
"61",191,48.4187729064704
"62",213,22.3803396822952
"63",238,19.9884105141955
"64",244,25.6362444107564
"65",243,42.0350822914587
"66",252,31.552376078455
"67",254,11.4040403580088
"68",239,18.327698300497
"69",213,14.1556077269446
"70",223,25.8879201405103
"71",215,43.2161926071441
"72",222,18.5282059742596
"73",226,29.6673926092743
"74",239,41.1309658002399
"75",254,16.8311432344665
"76",250,16.6796596564538
"77",281,19.7136307286163
"78",255,20.6895228649903
"79",267,26.7210070606957
"80",271,28.1597891455946
"81",249,8.77568890951454
"82",261,29.8683058354336
"83",277,66.432762275109
"84",301,28.7274890638947
"85",306,34.0770590567095
"86",296,14.9349664948125
"87",272,14.8575658179014
"88",254,18.995800779768
"89",282,26.1759509803474
"90",262,27.1393743427367
"91",260,30.0388167152566
"92",256,31.406413697533
"93",256,40.5568484932541
"94",248,47.1339111660809
"95",233,27.6323380603073
"96",224,41.0833396454544
"97",244,35.0472846970063
"98",261,4.9239319773103
"99",261,24.5082640435353
"100",284,27.2747428880689
"101",301,31.4052760680548
"102",283,28.361462861342
"103",279,21.415758655969
"104",287,11.1227439025667
"105",265,19.9301243377711
"106",265,36.2462441126799
"107",264,31.0034001488919
"108",275,19.409043212326
"109",270,11.3508825010369
"110",295,26.8000319595626
"111",278,22.4941317111
"112",275,16.7785514350978
"113",274,22.845226840764
"114",273,15.1640657397405
"115",249,16.0550509248707
"116",246,19.9079552843042
"117",244,24.3412229843589
"118",241,23.8720844607616
"119",258,34.8213186339634
"120",276,36.0741496878762
"121",258,51.2929129516471
"122",290,37.2265874136172
"123",268,59.4559691178948
"124",292,14.9113794616195
"125",276,23.5581113107075
"126",270,30.9454364353486
"127",257,44.0966591730429
"128",264,48.8412704119815
"129",239,42.2565965789005
"130",228,29.0411874153358
"131",241,31.2753223109867
"132",220,31.2970914144899
"133",261,14.2077126006436
"134",263,18.943994691399
"135",279,26.0141349094073
"136",294,19.1520578952958
"137",283,19.3669735123286
"138",267,14.7785391597544
"139",267,21.4662885852638
"140",263,19.7882447781536
"141",268,14.9730501700391
"142",283,13.0025550466147
"143",265,19.1241597516421
"144",256,20.9224964363831
"145",257,15.6110236804141
"146",271,33.2499361414961
"147",281,11.6015815986002
"148",294,47.8266981051773
"149",323,22.0173603035116
"150",335,18.1084100402995
"151",339,27.4794081003198
"152",343,25.9591387257196
"153",346,28.0954739461317
"154",337,26.6901275788863
"155",326,55.2643932208407
"156",343,36.3344793615489
"157",350,19.5140922968539
"158",329,18.9072943507119
"159",341,16.0681876701498
"160",337,11.6400956099068
"161",318,20.380854038482
"162",316,19.8314483248897
"163",333,18.4961993686143
"164",342,12.6479628742465
"165",340,22.036003142261
"166",325,20.8041545850482
"167",326,16.5976120056126
"168",311,20.7455016276514
"169",307,28.3805274817543
"170",298,8.9128992142382
"171",307,5.11472577223564
"172",326,6.89558974490891
"173",333,19.8669583789409
"174",333,54.7393274979468
"175",365,35.1365964558398
"176",362,49.4881901900082
"177",364,41.476320541768
"178",368,38.0450521329906
"179",360,24.6638102031811
"180",342,30.5561737448323
"181",341,47.3276004713146
"182",368,4.40256517705948
"183",383,1.53252224574501
"184",383,1.59441834093159
"185",366,6.1349868432263
"186",356,5.02100792692062
"187",346,22.387187374715
"188",368,28.9170820552072
"189",363,26.6282591743643
"190",385,73.4647285613532
"191",397,52.2299390422246
"192",410,11.7395597904968
"193",418,14.2919056254011
"194",402,23.7028532937574
"195",404,21.2464019207959
"196",385,19.4284367885302
"197",394,27.0680622115687
"198",404,17.3777368761946
"199",415,21.492840309017
"200",437,16.7759708978156
"201",446,20.2468637099805
"202",454,24.0314673663756
"203",457,45.6707404487788
"204",453,23.9908083773805
"205",442,19.5684615968126
"206",430,23.1110714982667
"207",426,34.9423987884106
"208",426,4.90558803462558
"209",438,3.63820155234444
"210",454,3.9861277543288
"211",436,9.52292357058651
"212",436,74.0656871662466
"213",434,24.0934886681336
"214",441,31.1457937931121
"215",445,22.4367754712912
"216",438,17.0980534091942
"217",446,31.1773118284017
"218",452,23.6880077488642
"219",435,30.1986507857263
"220",443,36.3528467106626
"221",429,5.3325698315919
"222",438,30.7339976857865
"223",449,61.2586570884842
"224",476,44.7573364892919
"225",469,20.5155226319485
"226",465,27.3043140012194
"227",478,26.084958415251
"228",469,57.7897566779038
"229",444,48.5608257024963
"230",458,46.8553799954849
"231",462,32.5793732441796
"232",460,6.37501436066185
"233",479,10.8299045347154
"234",502,13.3103404004549
"235",483,17.995252273211
"236",485,25.2603142877657
"237",490,31.85963704385
"238",489,24.1601913883802
"239",472,19.5227981965731
"240",480,27.3023821249053
"241",509,14.9887322371554
"242",514,15.7456815997853
"243",527,21.3386662703015
"244",516,12.2556196622143
"245",503,22.8416708558034
"246",492,21.9427835873289
"247",496,22.974805783564
"248",501,18.9053805853259
"249",481,13.1402899761444
"250",478,53.834479763656
"251",447,53.1929953235922
"252",465,20.0940044301697
"253",468,21.7020128406869
"254",498,38.6039915794199
"255",507,24.0047969735784
"256",509,21.8723738333261
"257",499,23.9063065295611
"258",476,29.6483771489386
"259",487,34.9221577434999
"260",478,50.1806739423585
"261",488,36.4445791755891
"262",489,29.0692568616595
"263",501,27.7195891804267
"264",492,36.3586628021154
"265",481,41.2013505009323
"266",490,14.5873181267284
"267",460,49.833894534511
"268",460,29.005977631901
"269",446,36.3512456827816
"270",455,15.3441450364261
"271",445,20.6875613919669
"272",430,23.3224649550575
"273",429,14.7669842310941
"274",403,16.3761204620335
"275",387,23.7488575503724
"276",360,17.220755692693
"277",370,24.0151846220862
"278",365,38.3486895708543
"279",360,84.3432885956388
"280",368,52.3028522561444
"281",355,25.8547303453191
"282",348,26.1894962463124
"283",352,21.3596265773458
"284",362,14.657753523125
"285",375,54.1758961840579
"286",405,37.2102298978095
"287",403,43.7098240096437
"288",412,47.911322725104
"289",405,21.7505351658434
"290",412,31.7350405771872
"291",375,44.9531945027173
"292",372,43.2744811775642
"293",400,44.5438506744562
"294",420,45.0630981677672
"295",426,43.0366040824384
"296",451,28.1414017911325
"297",429,20.0499898632556
"298",431,20.9995761572685
"299",420,26.4404405014544
"300",414,65.9677169458499
"301",410,52.1702103649036
"302",379,7.77596549863061
"303",410,8.5185120618947
"304",426,31.0018301442747
"305",427,21.313190524429
"306",421,11.0447536304314
"307",413,15.986377495934
"308",419,15.9821048776429
"309",435,21.5475784713653
"310",436,19.1961613577352
"311",438,20.5626920584386
"312",418,39.3220719024666
"313",417,21.7100225150216
"314",401,17.8300354631354
"315",417,17.2080498644943
"316",407,26.1759040071843
"317",403,13.7561368149799
"318",389,59.11376414101
"319",392,44.8174347030057
"320",411,15.1097894251427
"321",446,18.9834530606136
"322",456,24.971141961582
"323",448,28.9200743481296
"324",450,31.6166216975889
"325",437,37.9169611542297
"326",427,31.751363609487
"327",434,25.2214528114468
"328",464,24.5241679964331
"329",451,41.626816420867
"330",474,10.6608041639734
"331",460,40.9934407501512
"332",470,28.6116999614816
"333",472,25.9433558553479
"334",475,30.3025104122852
"335",484,17.0946701431219
"336",494,35.9062037394166
"337",510,33.0183448221364
"338",478,37.1584244244215
"339",491,19.9749498026823
"340",474,15.8120276992003
"341",485,14.110490067981
"342",501,26.1947262228663
"343",499,29.4843038611199
"344",494,12.4850722033663
"345",487,8.81855867619358
"346",466,23.5436411509467
"347",466,55.7693353116738
"348",481,38.7327099063028
"349",467,25.1753910507662
"350",452,40.5068181923952
"351",453,24.8961713079602
"352",441,41.4553860282204
"353",459,13.4526666538252
"354",477,17.0732879227637
"355",487,5.76103036432733
"356",473,27.4154139528379
"357",472,16.010712564765
"358",490,14.0633639338079
"359",515,18.5091103918629
"360",505,18.0808624841814
"361",516,23.6464374363152
"362",526,26.0236375812641
"363",523,21.1267031979657
"364",526,52.1646818306566
"365",510,50.3117637337725
"366",530,47.273060864357
"367",537,46.7358210816284
"368",549,36.893528998612
"369",543,35.2686722599154
"370",564,28.9465443728594
"371",580,37.3888405298579
"372",605,32.7149763239165
"373",610,49.4472814425981
"374",601,8.59915135626301
"375",608,23.3724754535569
"376",609,28.1689728152863
"377",613,25.6245402991486
"378",607,27.053113244514
"379",607,33.2742677443991
"380",624,33.4621736042746
"381",639,43.1162895772903
"382",614,31.2856412752383
"383",608,8.20846141432277
"384",616,37.636991869237
"385",618,9.71328665248421
"386",618,39.95598601063
"387",597,11.4815703537488
"388",579,7.13082863740003
"389",578,2.12881637160835
"390",563,1.41558092825729
"391",560,4.47923042216669
"392",567,3.34358778770384
"393",575,7.28951034357655
"394",575,48.4961903446265
"395",583,26.0148962680185
"396",567,15.6849039139181
"397",581,20.3945521729479
"398",581,15.0832566965043
"399",587,16.4710945294327
"400",581,14.8698110049491
"401",567,31.5649140442887
"402",570,20.3563704500304
"403",565,36.5390455638018
"404",545,20.9617376194159
"405",580,18.0177444301536
"406",567,15.1433483861349
"407",570,12.7385009817133
"408",580,20.2127127455649
"409",575,36.8311324512675
"410",564,5.1225348044086
"411",577,22.2900197154785
"412",594,31.4198121440995
"413",615,68.4308432718378
"414",591,37.717650024888
"415",593,16.9821261227105
"416",580,20.7144848349451
"417",555,37.6683818117579
"418",554,11.6894596685222
"419",566,26.9305147423862
"420",555,18.1901776428018
"421",551,13.1560136301105
"422",545,20.1282842813603
"423",550,24.4015702845203
"424",548,29.9135811128512
"425",532,25.041225293752
"426",529,23.9754627486163
"427",509,12.2565270931548
"428",514,14.0864799107025
"429",501,12.0102085189586
"430",501,18.685570099617
"431",490,20.2916186329746
"432",488,22.0470243690832
"433",457,17.0527781769742
"434",465,13.7855997478417
"435",478,18.5910350295736
"436",473,24.4265029915911
"437",460,35.2436933605882
"438",464,44.3872532967433
"439",468,4.11953969883436
"440",453,27.7425169448262
"441",448,19.6231743396528
"442",441,12.8422278892017
"443",436,25.3748681438639
"444",409,31.7068876111937
"445",391,32.3932366634869
"446",390,67.9475854518933
"447",386,18.1456856895348
"448",394,33.7077332933994
"449",398,18.6801165673033
"450",402,18.6159485216722
"451",405,26.428607292974
"452",434,33.5360703196329
"453",417,22.3913936090756
"454",416,40.9469541800339
"455",419,45.2848752092048
"456",441,13.6826995736234
"457",447,38.7398905795916
"458",447,20.7650882847133
"459",444,24.8054001751146
"460",421,50.4694597348898
"461",423,47.115749611097
"462",419,85.7988724685086
"463",432,35.0220956659221
"464",458,50.9184865198728
"465",459,36.7434889248891
"466",447,28.4995793869654
"467",441,44.6434808227641
"468",450,38.879921715819
"469",441,32.3503722167635
"470",457,9.1114297878041
"471",484,26.9877891292425
"472",475,8.053383076107
"473",475,6.6774847960911
"474",459,69.7203771127841
"475",437,56.4010937626105
"476",470,59.3535357055664
"477",447,27.3247822626534
"478",435,14.3351945873244
"479",451,34.3544457381321
"480",444,33.0848424857789
"481",430,28.5663249689143
"482",405,48.5958301550347
"483",402,22.0809986064077
"484",383,7.3454615357852
"485",404,37.7499310324325
"486",403,15.2820121254677
"487",371,18.4552726374521
"488",380,55.3475880137714
"489",387,34.8728528811626
"490",387,24.6323947285439
"491",373,44.7742172871937
"492",345,5.61154454388785
"493",363,4.847408060915
"494",367,30.5691508397461
"495",360,34.2277824370538
"496",351,35.281074606652
"497",365,26.686147441613
"498",378,16.1286484727095
"499",351,44.437181783746
"500",326,31.679657039756
"501",339,29.1258393284568
"502",312,15.7862809715728
"503",292,17.856371829978
"504",303,26.439798048586
"505",297,26.5421605219506
"506",308,30.9116015478469
"507",295,25.6482363367043
"508",294,61.660284102494
"509",299,43.395623812259
"510",272,46.9503604276288
"511",248,37.3736480924727
"512",261,26.6452754581525
"513",267,41.4065218820174
"514",253,58.8212834644946
"515",265,21.8178916219222
"516",250,16.3568124752561
"517",267,13.6370775182894
"518",288,27.8735085709297
"519",297,29.1952254299702
"520",297,28.4960285616205
"521",285,17.2790767853165
"522",277,23.2671936468332
"523",288,22.2217069233931
"524",256,20.764356799532
"525",230,12.4349757049296
"526",232,17.6737883082961
"527",252,26.4216601271529
"528",217,32.1841935931118
"529",203,38.4524682940082
"530",205,35.1526961488334
"531",181,29.4274707811643
"532",177,17.5952890419029
"533",172,14.3457127727072
"534",177,21.1415809632372
"535",192,34.2134805148102
"536",187,19.961105646888
"537",186,31.3400784108402
"538",174,36.9171719733062
"539",137,8.00855372957084
"540",130,61.2120136684261
"541",127,36.9475433893724
"542",97,24.8993343338519
"543",108,23.6877259812638
"544",109,26.8205495875415
"545",112,35.0125653163105
"546",101,11.7616443762096
"547",107,10.4783463154892
"548",116,12.6031054453178
"549",113,27.3608873889844
"550",97,19.7021385728337
"551",109,23.1763446905529
"552",108,21.9198203039048
"553",73,53.9628158869888
"554",91,22.9907476706342
"555",120,17.563574540776
"556",109,17.612288514675
"557",123,16.9114029579694
"558",123,30.0100707067349
"559",109,29.7228761266738
"560",91,52.9105501802241
"561",94,32.5965420627721
"562",54,19.2750325374436
"563",64,55.2216093094715
"564",72,118.01400735023
"565",82,23.4862404594929
"566",93,143.528607281946
"567",83,109.270148669216
"568",81,104.032894271275
"569",89,59.9925334098644
"570",99,42.8235173492278
"571",113,84.2333819416903
"572",96,60.504043215215
"573",75,60.3944238632713
"574",87,19.4574085802875
"575",73,19.9635128362702
"576",80,17.6631471316106
"577",53,12.3182600037293
"578",39,15.0048818949236
"579",59,14.0291573186272
"580",61,20.38457563665
"581",71,60.7288249131192
"582",71,47.7009260106064
"583",62,112.331504059649
"584",75,197.439797432168
"585",71,164.191922055123
"586",57,113.231646292673
"587",45,0.824848167127963
"588",35,2.1720249810334
"589",25,13.6146099974285
"590",53,51.0581816050508
"591",77,78.7968954522123
"592",73,92.5882699059494
"593",61,114.66427884217
"594",51,100.70696355158
"595",72,104.463366170939
"596",83,17.3587893010766
"597",100,12.8091704252186
"598",93,9.4766400995728
"599",65,142.32170813261
"600",58,71.5743836466411
"601",63,172.478597766045
"602",73,30.5200982613113
"603",74,70.5527254182071
"604",71,39.6246902257804
"605",68,22.7373367440237
"606",61,123.33904677401
"607",48,15.446718526007
"608",58,55.8686075013673
"609",65,10.9294917155305
"610",48,28.5617042063264
"611",71,17.5590550296289
"612",59,22.1789508617227
"613",46,7.87214166382522
"614",49,108.077575347018
"615",48,96.9083442291999
"616",52,39.6113704651185
"617",49,153.73498595816
"618",43,25.1918662380814
"619",61,22.3139638739864
"620",41,44.3929823621971
"621",28,106.84957250269
"622",41,82.9918265731964
"623",48,155.597740171152
"624",51,83.3117619083403
"625",43,61.395599734105
"626",45,41.6335476939278
"627",36,111.6737409268
"628",48,116.860420356021
"629",47,116.299893821109
"630",72,13.6313635837315
"631",76,49.2322340115615
"632",76,74.366684547777
"633",64,69.5564518354565
"634",67,150.288868648466
"635",60,73.5277087712297
"636",81,32.5313685911063
"637",65,37.8790296533211
"638",83,29.3415146961186
"639",87,25.8502559595626
"640",84,14.4239826463528
"641",110,23.1161479913402
"642",138,75.2061602717153
"643",121,95.6624601450412
"644",125,61.3950950859752
"645",101,181.650783407034
"646",104,137.091662960322
"647",85,203.131748611764
"648",78,33.6973037129273
"649",83,19.5923170512239
"650",100,9.93849002661252
"651",102,104.842480135343
"652",96,110.751168862937
"653",83,25.5755801356112
"654",85,60.9141193662771
"655",100,105.563715092283
"656",115,49.2679585908167
"657",103,46.2953433974942
"658",76,31.3843061917483
"659",76,25.5771257826258
"660",43,21.6129753380706
"661",53,6.38578822970028
"662",47,2.67063411773039
"663",59,0.922784056300788
"664",70,0.598272096838695
"665",85,1.10224429942568
"666",100,15.4365972181747
"667",107,25.9040612985111
"668",121,3.4770774029624
"669",104,50.1043157417732
"670",109,25.1046865622174
"671",89,3.36117266254544
"672",96,10.8407987188717
"673",100,9.11411600996705
"674",106,105.777232009324
"675",114,99.2288582593159
"676",96,17.69912564582
"677",78,18.0719962213455
"678",91,14.6681193755363
"679",112,102.410985635601
"680",134,68.1344934844004
"681",150,43.7371258452395
"682",135,56.4958515233006
"683",157,97.8934310984488
"684",182,22.6087582466872
"685",134,27.9527061939622
"686",135,41.2588184270902
"687",149,66.69164997308
"688",157,33.7707603294967
"689",174,26.6792721761457
"690",182,17.3843792739146
"691",173,27.2118571017373
"692",201,28.8795775538451
"693",202,11.1327834953072
"694",188,16.0772918726151
"695",181,17.7491633652894
"696",175,13.8627561889205
"697",182,16.1248384753868
"698",171,15.365755908622
"699",176,83.8159252990565
"700",190,69.4129837947946
"701",212,64.6749160564908
"702",198,65.7864082896549
"703",210,30.2406549101608
"704",183,17.295207455919
"705",163,29.4207841868247
"706",157,41.2855720046544
"707",158,79.0877189918119
"708",145,84.4777275656077
"709",141,127.123073538186
"710",149,62.9759194256526
"711",147,176.473766064834
"712",144,40.2497586907126
"713",176,38.2952537191816
"714",179,27.3099446141206
"715",170,137.831612631494
"716",202,150.233053212784
"717",211,103.459667820991
"718",224,212.431638789364
"719",232,55.5963270288138
"720",218,86.8220211725945
"721",227,56.6279466685938
"722",243,116.90045669426
"723",220,160.221040837362
"724",255,125.052777214898
"725",221,20.0721287922227
"726",250,15.1348679191189
"727",261,19.9617592664641
"728",233,83.5445984939824
"729",257,24.8896197533874
"730",220,24.903192717946
"731",200,23.8146207018116
"732",209,17.9212330765149
"733",231,161.717624792321
"734",249,115.358146693877
"735",227,27.3065006094506
"736",208,25.9303134132928
"737",220,29.1384412810833
"738",198,20.2855140504654
"739",183,45.7357701169157
"740",194,15.2440541161379
"741",237,56.5610422934085
"742",237,35.9461425887772
"743",260,79.6646710094595
"744",267,16.8839922462611
"745",276,14.6158121813885
"746",279,14.6489953752124
"747",301,16.0868327139106
"748",291,18.5451471831578
"749",297,22.1102766482995
"750",289,21.790635959163
"751",301,20.343104696245
"752",339,19.4268586657787
"753",341,30.5918946791144
"754",334,61.058640281332
"755",346,77.4369407892189
"756",319,26.8125416390317
"757",328,76.7380263053109
"758",306,64.1471237627326
"759",308,45.4478746585728
"760",300,32.764565901241
"761",329,23.0476998981196
"762",321,38.0747481871526
"763",355,22.8213138505923
"764",353,7.49414856064209
"765",333,108.370248332597
"766",343,31.7418560697754
"767",373,102.187019630203
"768",355,39.2113360137223
"769",368,31.2324907126384
"770",384,31.9256250926292
"771",385,74.0029623691438
"772",397,36.8305957370789
"773",391,46.13997403557
"774",388,83.3033924289081
"775",378,29.8073187721652
"776",400,75.9456689065309
"777",404,90.4191636940648
"778",400,56.4656496449733
"779",385,89.3543246177024
"780",416,57.9590493481914
"781",419,18.1096487805409
"782",430,28.0234922328237
"783",440,15.0143330279698
"784",461,77.2557059470401
"785",453,71.2344500230703
"786",442,72.962934576508
"787",449,7.78384133673578
"788",430,51.5276436037851
"789",422,20.838000764284
"790",417,25.8209748819633
"791",395,43.9251689555976
"792",384,88.1600404755602
"793",403,18.05472115979
"794",412,19.1658213098167
"795",412,163.28423219523
"796",389,116.319429722353
"797",386,94.5295607296258
"798",391,132.921531920061
"799",364,37.0282976319568
"800",386,38.3461656506295
"801",388,95.4093301621354
"802",376,88.8759456724992
"803",379,98.0748422535494
"804",397,85.709757684525
"805",383,101.194634559879
"806",384,24.7860624643286
"807",370,13.3818198410653
"808",346,23.6061815575559
"809",380,68.326608710947
"810",378,31.407397267177
"811",366,37.653325365078
"812",368,2.0889194198092
"813",382,72.3089463133801
"814",374,18.4763809817584
"815",399,51.6125391597062
"816",407,47.7234933016594
"817",411,15.9232008345899
"818",407,16.4490436823792
"819",418,16.6965145946825
"820",407,27.3191026681154
"821",395,23.1462799910002
"822",405,11.5026990952988
"823",396,21.2298941707961
"824",405,21.4030709487577
"825",405,25.4081022769152
"826",412,12.9249713587485
"827",425,22.7805802847178
"828",450,18.3888109687439
"829",443,13.0907033690726
"830",435,14.3902548762654
"831",448,17.4174318712734
"832",436,26.5475524228618
"833",443,63.5416005605617
"834",457,7.76270164591468
"835",413,33.0827405879377
"836",436,19.8911195653854
"837",467,49.1322951749906
"838",455,29.2446808661858
"839",466,28.2355588646059
"840",479,17.323351751559
"841",487,25.8794608972972
"842",468,17.6922256615753
"843",459,59.8738209696976
"844",444,39.1401794604377
"845",462,17.0647475490205
"846",454,27.6120718353589
"847",431,15.0051952966967
"848",416,27.5270682892866
"849",404,18.1064750308627
"850",418,17.9873581640062
"851",417,25.3201778269752
"852",429,49.4184829772131
"853",433,29.7486707706015
"854",458,22.3031379578336
"855",471,43.2503750015986
"856",472,19.7947624278141
"857",455,30.9313975173267
"858",467,26.5971710835956
"859",452,18.7317563346888
"860",450,25.9709962363861
"861",445,35.5056947190117
"862",451,72.1276380451097
"863",449,37.0895026019655
"864",466,33.6100491406613
"865",480,20.401575256671
"866",488,17.6623542300075
"867",505,22.6422075414627
"868",508,24.2104172731514
"869",517,14.2950524763788
"870",481,17.138333492663
"871",499,56.4166627048972
"872",480,17.1243753120051
"873",499,56.4401028267128
"874",496,17.6501040626924
"875",485,21.1135752531507
"876",481,19.6550991954313
"877",499,68.4157813124471
"878",513,44.7810321680921
"879",512,15.4774694619543
"880",508,16.1772973639704
"881",524,20.4104878642907
"882",521,11.72386477809
"883",494,15.0692196350391
"884",498,12.417239897252
"885",523,16.8459316304166
"886",569,14.8356440782429
"887",543,34.8028347448375
"888",530,57.7722787170889
"889",526,71.3259171488863
"890",545,21.0353387761701
"891",556,26.5595310200585
"892",553,21.2940531333464
"893",579,31.3481477753541
"894",572,13.5925457199089
"895",569,26.4891862880423
"896",555,28.9745785371164
"897",539,20.4594600622765
"898",527,23.939797308481
"899",512,13.9763939126531
"900",513,14.8025733995415
"901",525,12.4844390797159
"902",521,23.4158767032641
"903",518,68.774573287611
"904",533,23.3071365611222
"905",537,27.2532089291731
"906",519,11.7175745516622
"907",538,12.9112624560934
"908",518,12.5795099590315
"909",506,11.2290705105339
"910",486,12.691468819636
"911",481,17.150252818581
"912",483,14.8279165878864
"913",490,20.7764033678159
"914",464,18.8717039230302
"915",487,14.6882579498062
"916",481,15.132536338068
"917",487,18.6127582186292
"918",495,43.089648174622
"919",493,52.8143797223822
"920",492,14.2898616484244
"921",473,17.2432946005014
"922",483,20.3712287129297
"923",461,25.5763415674172
"924",458,53.2853677100715
"925",443,26.5107367378307
"926",448,6.42425067471282
"927",463,32.4086390092408
"928",451,27.4000629288022
"929",448,36.339789497013
"930",401,36.0183220390822
"931",404,40.4646258632729
"932",405,40.828783306807
"933",399,19.272226509292
"934",397,60.8209271879633
"935",384,52.278129677199
"936",362,21.6045234437163
"937",366,34.4429722289055
"938",369,33.5102305340177
"939",365,7.14766322985624
"940",374,39.2518940811468
"941",394,23.530688082021
"942",400,21.3994321774052
"943",401,29.7666613494088
"944",426,69.8957898710202
"945",423,7.89980797867473
"946",411,8.45680561624051
"947",384,7.31877197492741
"948",388,13.9052864002275
"949",395,53.9926139123023
"950",418,36.8689922434959
"951",430,45.4012103828377
"952",407,47.6763069664706
"953",415,80.2411980596424
"954",405,5.66623291672583
"955",380,42.959656300117
"956",389,38.0601116836467
"957",387,21.4909711063492
"958",400,43.8928158798805
"959",429,24.5212037607466
"960",435,24.749701707013
"961",441,22.9577725737307
"962",433,47.6311688626102
"963",440,32.7152460140347
"964",439,18.2879961694099
"965",435,33.376728323533
"966",451,23.6335059561089
"967",454,41.7644122758359
"968",448,48.4164493504998
"969",434,17.3640618565088
"970",446,37.4822212890599
"971",440,19.7019826819099
"972",445,3.97596417271838
"973",422,27.6328442976739
"974",430,18.6101173714487
"975",456,20.2789791090505
"976",462,14.3501046294869
"977",441,16.2514899522329
"978",442,41.0574809109906
"979",450,32.1510258551819
"980",467,25.5783238743593
"981",482,14.4603878742722
"982",473,12.5152617899013
"983",477,17.9613324509519
"984",496,21.3216943352683
"985",505,14.6986567866635
"986",526,18.7857202993581
"987",530,33.5655635873221
"988",519,42.7929476085557
"989",524,20.3504854304926
"990",513,76.5926831945918
"991",518,50.0580866117677
"992",526,45.5267221074582
"993",521,9.54789227795722
"994",519,3.05678643915296
"995",518,3.20797679732942
"996",526,3.08256061980916
"997",518,4.90118316814275
"998",520,5.2393729303693
"999",510,20.6355106607421
"1000",493,34.9766264533064
"1001",482,25.5868927745379
"1002",462,17.47517677021
"1003",468,58.5720057680959
"1004",478,33.6098739087821
"1005",475,51.5324107880142
"1006",469,7.62489353433161
"1007",464,4.07893906632457
"1008",467,3.43538378758865
"1009",469,38.5140738994126
"1010",474,44.5637310793388
"1011",498,26.4124961157901
"1012",506,62.1608779181381
"1013",473,29.2033245753166
"1014",474,34.2615828431991
"1015",488,15.0391318011036
"1016",466,28.6181156005136
"1017",456,18.585791596335
"1018",454,30.5191191540552
"1019",463,36.8058375014282
"1020",452,79.0010690520345
"1021",467,51.771236584521
"1022",492,29.4272964556155
"1023",484,62.1610974852222
"1024",502,57.4767082852202
"1025",528,21.3580671723441
"1026",493,35.6852932736291
"1027",470,15.9387375762767
"1028",466,17.5494732992268
"1029",482,21.3331532003899
"1030",483,25.3115335138394
"1031",495,14.4638793415167
"1032",482,33.2264863740277
"1033",480,34.6551068899778
"1034",473,21.8645627884408
"1035",475,20.4379976336638
"1036",474,31.7537746555327
"1037",444,35.3194227154073
"1038",428,28.1873798567354
"1039",434,37.4618286356013
"1040",460,22.3915339261622
"1041",464,27.0728619175069
"1042",458,27.362892766389
"1043",463,28.4574880240768
"1044",469,25.2333298974599
"1045",474,18.7624520716213
"1046",473,32.649382019639
"1047",460,36.2594165702559
"1048",484,42.9378176386685
"1049",471,28.0349670001582
"1050",490,57.7615405054916
"1051",472,12.6582971605057
"1052",499,38.4721046542421
"1053",487,14.7266583288794
"1054",476,29.1736448941215
"1055",476,32.8674643650382
"1056",477,40.4970135239127
"1057",512,19.8396890183679
"1058",514,41.2142028541187
"1059",526,38.0010665868203
"1060",509,22.9001106958931
"1061",492,24.2232663323297
"1062",499,11.6794260066742
"1063",511,62.7284354688987
"1064",530,42.6747084547944
"1065",497,23.7463122597211
"1066",510,50.5456102832672
"1067",533,35.5024197042602
"1068",524,67.00173203845
"1069",517,32.1137597397053
"1070",512,30.6291090341258
"1071",520,15.2546648016317
"1072",525,63.942429446089
"1073",517,6.85725079357574
"1074",519,60.0501523249583
"1075",516,27.8479283724062
"1076",532,26.3284068820508
"1077",552,19.27409111581
"1078",529,62.7346434355595
"1079",545,4.25136300345489
"1080",536,1.31679403246636
"1081",527,0.887364421564608
"1082",540,0.824132857023138
"1083",539,1.06124797345502
"1084",531,0.987130716246453
"1085",531,1.06566742460176
"1086",509,1.26562245425156
"1087",516,1.36766827238494
"1088",525,1.63075285633191
"1089",531,15.7089745208798
"1090",520,62.2831168420945
"1091",536,43.5407474234897
"1092",544,32.7697645949592
"1093",532,19.499228033052
"1094",536,21.8639794388773
"1095",552,17.0830923157724
"1096",568,14.5075770420156
"1097",580,13.135007422709
"1098",591,14.8769989261211
"1099",582,30.98985866061
"1100",570,19.2439731860941
"1101",570,34.0971194639647
"1102",561,18.3306386282005
"1103",567,18.431555038558
"1104",555,25.0934319125856
"1105",562,32.0416237456834
"1106",540,27.1556835071437
"1107",563,22.6442500589072
"1108",547,24.0876369001773
"1109",542,20.7571647677094
"1110",542,14.9766506900003
"1111",503,17.1907026646539
"1112",515,33.6931121798927
"1113",503,18.4415565926346
"1114",514,16.2415450922652
"1115",509,32.0416057375902
"1116",514,25.0332476622446
"1117",527,17.2964675711177
"1118",500,13.0821250530492
"1119",496,14.5750813815637
"1120",503,14.2897776766182
"1121",502,13.7203091031846
"1122",491,35.2554086536262
"1123",480,6.77255997112382
"1124",472,34.6287157913762
"1125",504,15.4233062357113
"1126",505,16.6374847189119
"1127",481,18.7387622437129
"1128",457,11.3668225904978
"1129",498,46.3664999650966
"1130",488,13.5548866618207
"1131",498,17.9108343738014
"1132",506,19.0284355559941
"1133",497,23.7175011182148
"1134",493,16.8361448063737
"1135",495,16.921046698627
"1136",467,38.7118751677494
"1137",465,16.0945906595331
"1138",476,18.1433542496448
"1139",463,32.2174278986387
"1140",469,31.5497502282649
"1141",468,78.4696447340811
"1142",463,4.39720559541653
"1143",475,1.64859252792129
"1144",464,1.82221660806256
"1145",440,3.0763751110584
"1146",424,4.57889473971627
"1147",418,8.36188815447157
"1148",412,24.066561986347
"1149",403,13.0709174680668
"1150",402,16.1115192971338
"1151",401,28.6518771938627
"1152",415,5.99469489027715
"1153",406,9.42993623972326
"1154",395,17.5627813609113
"1155",377,18.4702096068035
"1156",382,31.1419806039557
"1157",367,17.6582872363417
"1158",360,14.8909190709032
"1159",355,23.2849939772242
"1160",329,36.331995776951
"1161",343,4.25989783301939
"1162",339,5.16682027147596
"1163",311,3.5714765180681
"1164",318,2.26171705884711
"1165",321,9.04521498133033
"1166",333,28.3198723983655
"1167",335,46.2714189309678
"1168",344,27.2010837067234
"1169",371,26.4518856543083
"1170",389,52.6015154086647
"1171",392,7.72289217654881
"1172",379,20.5845005480839
"1173",360,5.0452378824811
"1174",339,6.13301690742794
"1175",378,33.2135256806295
"1176",384,40.2943367814064
"1177",375,32.9358880356022
"1178",372,21.9877216265679
"1179",365,20.6701601379018
"1180",378,17.4428030043637
"1181",370,18.2580681751211
"1182",368,18.9567661905966
"1183",343,26.5138852151321
"1184",319,53.9799262888611
"1185",313,27.9544979127432
"1186",330,7.406788112391
"1187",309,11.6683010822581
"1188",314,7.59138702915343
"1189",331,46.1417411057548
"1190",367,25.3887087783105
"1191",380,20.1872212406699
"1192",378,13.9066393368665
"1193",388,14.0634763130365
"1194",381,21.3945301023724
"1195",367,36.1838030632764
"1196",392,1.75087168893993
"1197",400,1.14211188456516
"1198",430,5.38770044771738
"1199",438,6.30874644836516
"1200",437,1.62231009394217
"1201",463,6.67352714818453
"1202",463,43.6480227807897
"1203",457,32.3268114081967
"1204",485,27.4058711402824
"1205",488,58.5525474023654
"1206",470,22.3685818355551
"1207",452,22.578452917377
"1208",468,16.4060676677806
"1209",474,18.1273892947802
"1210",476,21.7651970562417
"1211",477,36.116360123502
"1212",474,70.8533956236557
"1213",486,22.6893659175928
"1214",507,24.582665042246
"1215",511,29.2590846469357
"1216",511,3.56435596756118
"1217",487,2.22357401950946
"1218",510,17.3562047262005
"1219",496,7.77411913976745
"1220",495,48.5271227009995
"1221",487,49.6789578236517
"1222",513,16.2045090542282
"1223",495,23.3167037141085
"1224",500,30.893851535162
"1225",497,37.780365922707
"1226",492,27.8418534447683
"1227",520,20.5782742991887
"1228",515,39.0939118727351
"1229",527,20.2073992165011
"1230",523,14.5136452930751
"1231",521,71.4936931469574
"1232",523,50.0534268089637
"1233",499,55.9744881209719
"1234",563,38.5189799985274
"1235",570,29.8932361205561
"1236",582,26.1556500813722
"1237",586,57.2820062194106
"1238",604,50.1036633760689
"1239",591,51.1467399818558
"1240",605,32.1558496859608
"1241",604,20.6077945588304
"1242",582,37.9650028513736
"1243",569,16.7842857185846
"1244",527,23.8353039857691
"1245",532,15.0028738477298
"1246",547,31.8527095104283
"1247",548,29.126650548338
"1248",533,15.5071544044267
"1249",516,20.226900609362
"1250",502,15.5008805422378
"1251",513,20.8188436376425
"1252",511,21.3412014944776
"1253",501,38.9355308491944
"1254",508,42.7047227981182
"1255",494,62.445264541008
"1256",497,33.8755639599206
"1257",507,16.3421949221523
"1258",509,25.4738258772426
"1259",515,24.6052152061521
"1260",505,11.2440024997521
"1261",494,22.3983903364399
"1262",497,31.1748085137883
"1263",490,28.4028351102257
"1264",491,16.5844503474328
"1265",468,69.0159012253345
"1266",476,32.4813540816997
"1267",480,23.524267780672
"1268",482,40.8508684828948
"1269",491,22.5775458245614
"1270",492,16.1910870839969
"1271",506,24.6942930770661
"1272",512,31.8874504618049
"1273",520,56.4051415446455
"1274",542,18.4281561700599
"1275",549,22.1534099765057
"1276",543,43.5771059725761
"1277",543,33.9539801330545
"1278",546,34.0553195622347
"1279",551,45.0650352074072
"1280",531,20.2033939514627
"1281",523,14.5218185905747
"1282",530,20.4257068766485
"1283",523,21.6519458121489
"1284",510,27.7100276329459
"1285",540,29.2698852054175
"1286",540,12.1677063879411
"1287",529,10.8051356531789
"1288",521,4.20349830165904
"1289",530,21.0733362495995
"1290",546,20.938122458946
"1291",538,26.662976977875
"1292",534,58.1688171655966
"1293",558,36.4940627024495
"1294",537,17.9166638831793
"1295",511,16.9448105753547
"1296",511,37.8801056330827
"1297",500,33.6194449887127
"1298",513,25.4786442349772
"1299",522,17.6190309285181
"1300",548,44.2015944479651
"1301",555,38.8151171919562
"1302",557,37.257503777129
"1303",584,18.6033329390968
"1304",586,14.2584014124658
"1305",586,11.493084677891
"1306",574,22.8031343041569
"1307",588,16.6337905553914
"1308",565,25.4992667803788
"1309",571,33.6126782201306
"1310",578,30.4252341162868
"1311",584,13.7185278819383
"1312",584,4.73296311221698
"1313",587,2.18249071879723
"1314",602,1.9780285741271
"1315",580,1.7918785062489
"1316",572,10.7205344609544
"1317",534,32.1965764562598
"1318",521,17.4825399601097
"1319",512,30.1854328259144
"1320",515,41.7007082457981
"1321",518,36.6870390936326
"1322",525,44.696691820111
"1323",542,39.6819098999259
"1324",528,20.5666594340183
"1325",517,62.0780379993374
"1326",528,26.5168036827056
"1327",561,15.7522693059783
"1328",568,18.5279161088996
"1329",542,15.7843560096875
"1330",525,9.46846715777526
"1331",533,6.54346095215656
"1332",543,75.7780139219835
"1333",529,7.59273459543653
"1334",502,4.14175666678194
"1335",487,1.4060918146192
"1336",496,1.5503688363721
"1337",511,3.8151982466644
"1338",498,4.72737273178228
"1339",500,4.06048719771248
"1340",517,23.2575519523006
"1341",504,28.7333948619547
"1342",512,27.6118453934638
"1343",504,13.5006674527957
"1344",509,11.5575920057592
"1345",526,35.529194879335
"1346",509,16.1151850684389
"1347",514,17.9500384775961
"1348",501,16.8463130597269
"1349",492,16.1875010810362
"1350",496,23.866505358139
"1351",494,25.6341393888492
"1352",510,3.76972046524814
"1353",517,3.69832699535165
"1354",520,4.50571774928545
"1355",550,16.6779299702971
"1356",570,5.13466134316515
"1357",567,94.4257656132757
"1358",561,39.6310424867011
"1359",561,32.9070341547368
"1360",551,15.5683269050398
"1361",555,19.4751281159167
"1362",569,49.4929452502101
"1363",578,32.7036717444255
"1364",561,17.0453719347425
"1365",552,16.9311638911579
"1366",555,18.4511519929321
"1367",577,10.0344544100144
"1368",553,32.5009136301185
"1369",547,38.2436014564822
"1370",554,45.9843793301004
"1371",570,78.360210156657
"1372",578,27.6483476473643
"1373",591,22.7660097744292
"1374",596,41.2751308884585
"1375",591,37.4397581770967
"1376",608,99.7622881300592
"1377",628,41.684078143899
"1378",615,30.3693138732775
"1379",605,26.429394625342
"1380",595,45.3387884542115
"1381",615,33.9947097058249
"1382",594,23.0618014254251
"1383",589,17.680134579061
"1384",602,51.8104903391571
"1385",588,41.9660628936729
"1386",593,30.8383055718743
"1387",606,22.4896894145774
"1388",591,20.3383360590645
"1389",573,18.3771529839397
"1390",580,19.2116124033058
"1391",586,39.3924053488491
"1392",578,23.2626481000654
"1393",582,49.3370403660487
"1394",585,42.2292494896846
"1395",567,26.4135742004807
"1396",576,24.1880125521387
"1397",610,31.8536942547491
"1398",618,41.5478651908308
"1399",618,58.5937083950688
"1400",621,37.0628745217851
"1401",604,48.4105109590777
"1402",618,29.3562783795144
"1403",599,21.4731135019196
"1404",574,29.0626760070344
"1405",566,50.4814150336709
"1406",554,36.291210176327
"1407",547,50.0936382435877
"1408",531,57.5802578915283
"1409",498,5.74715058083799
"1410",500,38.097996686157
"1411",517,18.6384636926064
"1412",506,16.2525694146189
"1413",504,19.0364769607718
"1414",518,19.4494887709803
"1415",521,35.2639400735554
"1416",517,22.248497152728
"1417",498,21.1485787365109
"1418",506,20.4227171061856
"1419",501,16.9063534586234
"1420",496,31.0860579903741
"1421",491,8.4380007897335
"1422",495,21.0021350663177
"1423",511,5.32316782501505
"1424",490,1.69284203346272
"1425",489,1.65850065802321
"1426",474,1.34095431236213
"1427",468,7.29989051707604
"1428",468,20.7291360555103
"1429",478,21.9798452894392
"1430",484,22.224521724771
"1431",498,14.8935047373191
"1432",510,22.2136487017127
"1433",505,13.3478704794152
"1434",514,12.1990218847635
"1435",537,35.16252541091
"1436",530,22.8400883869354
"1437",522,59.4590675871988
"1438",510,21.7331976593966
"1439",537,33.8917060801732
"1440",535,35.8156531825843
"1441",532,28.6488832595653
"1442",514,28.7245151399332
"1443",519,24.1912150038185
"1444",506,26.2297651011303
"1445",510,36.1091819867574
"1446",521,24.6411875466953
"1447",559,22.2149057192104
"1448",569,17.3512040522314
"1449",567,15.8590955287557
"1450",570,22.3580651726508
"1451",600,13.2191791838358
"1452",614,16.194163852508
"1453",597,25.690031751784
"1454",584,18.364817769334
"1455",582,17.0437029026579
"1456",609,14.1669921580406
"1457",582,13.4913536019372
"1458",615,17.3533997215198
"1459",613,13.8996770621694
"1460",613,17.4523252138941
"1461",614,22.3567049759193
"1462",622,24.0788716590792
"1463",594,12.7767881191478
"1464",617,27.1336515620226
"1465",622,42.9251452528697
"1466",626,29.2615517694831
"1467",628,44.5303695570794
"1468",646,19.0994092340391
"1469",648,18.2266471204696
"1470",665,17.0769616010531
"1471",664,14.7330685607152
"1472",668,14.1280121276156
"1473",681,9.7579164606322
"1474",691,14.6920170111834
"1475",698,23.7700832232045
"1476",681,18.4524677333081
"1477",681,8.80295528804844
"1478",691,25.9795791636487
"1479",663,26.9024026164241
"1480",661,15.7758806713835
"1481",662,22.6457181987887
"1482",654,30.3098601348157
"1483",646,6.07233998883264
"1484",654,21.6484125174725
"1485",676,31.3741240242042
"1486",697,21.4160807102135
"1487",697,27.1226916926514
"1488",679,66.3683443976516
"1489",688,67.6092132158946
